Year_Birth,Education,Marital_Status,Income,Kidhome,Teenhome,Recency,MntWines,MntFruits,MntMeatProducts,MntFishProducts,MntSweetProducts,MntGoldProds,NumDealsPurchases,NumWebPurchases,NumCatalogPurchases,NumStorePurchases,NumWebVisitsMonth,AcceptedCmp3,AcceptedCmp4,AcceptedCmp5,AcceptedCmp1,AcceptedCmp2,Complain,Response,Customer_For_Days,Total_Spending,Total_Purchases,Age,Cluster
1957,2,4,58138.0,0,0,58,635,88,546,172,88,88,3,8,10,4,7,0,0,0,0,0,0,1,663,1617,22,69,1
1954,2,4,46344.0,1,1,38,11,1,6,2,1,6,2,1,1,2,5,0,0,0,0,0,0,0,113,27,4,72,0
1965,2,5,71613.0,0,0,26,426,49,127,111,21,42,1,8,2,10,4,0,0,0,0,0,0,0,312,776,20,61,1
1984,2,5,26646.0,1,0,26,11,4,20,10,3,5,2,2,0,4,6,0,0,0,0,0,0,0,139,53,6,42,0
1981,4,3,58293.0,1,0,94,173,43,118,46,27,15,5,5,3,6,5,0,0,0,0,0,0,0,161,422,14,45,0
1967,3,5,62513.0,0,1,16,520,42,98,0,42,14,2,6,4,10,6,0,0,0,0,0,0,0,293,716,20,59,1
1971,2,2,55635.0,0,1,34,235,65,164,50,49,27,4,7,3,7,6,0,0,0,0,0,0,0,593,590,17,55,1
1985,4,3,33454.0,1,0,32,76,10,56,3,1,23,2,4,0,4,8,0,0,0,0,0,0,0,417,169,8,41,0
1974,4,5,30351.0,1,0,19,14,0,24,3,3,2,1,3,0,2,9,0,0,0,0,0,0,1,388,46,5,52,0
1950,4,5,5648.0,1,1,68,28,0,6,1,1,13,1,1,0,0,20,1,0,0,0,0,0,0,108,49,1,76,0
1983,2,3,51381.5,1,0,11,5,5,6,0,2,1,1,1,0,2,7,0,0,0,0,0,0,0,226,19,3,43,0
1976,1,3,7500.0,0,0,59,6,16,11,11,1,16,1,2,0,3,8,0,0,0,0,0,0,0,593,61,5,50,0
1959,2,2,63033.0,0,0,82,194,61,480,225,112,30,1,3,4,8,2,0,0,0,0,0,0,0,226,1102,15,67,1
1952,3,2,59354.0,1,1,53,233,2,53,3,5,14,3,6,1,5,6,0,0,0,0,0,0,0,226,310,12,74,0
1987,2,3,17323.0,0,0,38,3,14,17,6,1,5,1,1,0,3,8,0,0,0,0,0,0,0,627,46,4,39,0
1946,4,4,82800.0,0,0,23,1006,22,115,59,68,45,1,7,6,12,3,0,0,1,1,0,0,1,582,1315,25,80,1
1980,2,3,41850.0,1,1,51,53,5,19,2,13,4,3,3,0,3,8,0,0,0,0,0,0,0,552,96,6,46,0
1946,2,5,37760.0,0,0,20,84,5,38,150,12,28,2,4,1,6,7,0,0,0,0,0,0,0,667,317,11,80,0
1949,3,3,76995.0,0,1,91,1012,80,498,0,16,176,2,11,4,9,5,0,0,0,1,0,0,0,458,1782,24,77,1
1985,0,4,33812.0,1,0,86,4,17,19,30,24,39,2,2,1,3,6,0,0,0,0,0,0,0,603,133,6,41,0
1982,2,3,37040.0,0,0,41,86,2,73,69,38,48,1,4,2,5,8,0,0,0,0,0,0,0,690,316,11,44,0
1979,2,3,2447.0,1,0,42,1,1,1725,1,1,1,15,0,28,0,1,0,0,0,0,0,0,0,539,1730,28,47,1
1949,4,3,58607.0,0,1,63,867,0,86,0,0,19,3,2,3,9,8,0,1,0,0,0,0,0,553,972,14,77,1
1954,4,3,65324.0,0,1,0,384,0,102,21,32,5,3,6,2,9,4,0,0,0,0,0,0,0,169,544,17,72,1
1951,2,5,40689.0,0,1,69,270,3,27,39,6,99,7,7,1,5,8,0,0,0,0,0,0,0,468,444,13,75,0
1969,2,4,18589.0,0,0,89,6,4,25,15,12,13,2,2,1,3,7,0,0,0,0,0,0,0,543,75,6,57,0
1976,2,3,53359.0,1,1,4,173,4,30,3,6,41,4,5,1,4,7,0,0,0,0,0,0,0,398,257,10,50,0
1986,2,4,51381.5,1,0,19,5,1,3,3,263,362,0,27,0,0,1,0,0,0,0,0,0,0,494,637,27,40,1
1989,2,3,38360.0,1,0,26,36,2,42,20,21,10,2,2,1,4,3,0,0,0,0,0,0,0,394,131,7,37,0
1965,4,3,84618.0,0,0,96,684,100,801,21,66,0,1,6,9,10,2,0,0,1,0,0,0,0,219,1672,25,61,1
1989,3,2,10979.0,0,0,34,8,4,10,2,2,4,2,3,0,3,5,0,0,0,0,0,0,0,38,30,6,37,0
1963,3,5,38620.0,0,0,56,112,17,44,34,22,89,1,2,5,3,3,0,0,0,0,0,0,0,414,318,10,63,0
1970,2,5,40548.0,0,1,31,110,0,5,2,0,3,2,2,1,4,5,0,1,0,0,0,0,0,627,120,7,56,0
1952,4,2,46610.0,0,2,8,96,12,96,33,22,43,6,4,1,6,6,0,0,0,0,0,0,1,608,302,11,74,0
1946,3,3,68657.0,0,0,4,482,34,471,119,68,22,1,3,5,9,7,0,0,0,0,0,0,0,494,1196,17,80,1
1951,3,4,49389.0,1,1,55,40,0,19,2,1,3,1,2,0,3,7,0,0,0,0,0,0,0,304,65,5,75,0
1970,4,3,67353.0,0,1,37,702,17,151,0,8,35,5,5,6,12,2,0,0,0,0,0,0,0,180,913,23,56,1
1976,0,3,23718.0,1,0,76,6,3,14,15,7,36,3,3,1,2,7,0,0,0,0,0,0,0,300,81,6,50,0
1973,2,6,42429.0,0,1,99,55,0,6,2,0,4,2,1,1,3,5,0,0,0,0,0,0,0,138,67,5,53,0
1943,4,2,48948.0,0,0,53,437,8,206,160,49,42,2,7,10,5,6,1,0,0,0,0,0,1,513,902,22,83,1
1980,2,3,80011.0,0,1,3,421,76,536,82,178,102,2,8,6,5,4,0,0,0,0,0,0,0,426,1395,19,46,1
1985,3,3,20559.0,1,0,88,13,1,29,3,0,7,2,2,0,3,8,0,0,0,0,0,0,0,474,53,5,41,0
1957,2,5,21994.0,0,1,4,9,0,6,3,1,3,1,0,0,3,5,0,0,0,0,0,0,0,552,22,3,69,0
1959,4,4,51381.5,0,0,80,81,11,50,3,2,39,1,1,3,4,2,0,0,0,0,0,0,0,236,186,8,67,0
1975,3,3,7500.0,1,0,19,3,1,10,3,2,12,3,2,0,3,5,0,0,0,0,0,0,0,270,31,5,51,0
1976,2,4,79941.0,0,0,72,123,164,266,227,30,174,1,2,4,9,1,0,0,0,0,0,0,0,1,984,15,50,1
1996,0,3,7500.0,0,0,24,3,18,14,15,22,50,3,3,1,3,9,0,0,0,0,0,0,1,597,122,7,30,0
1968,2,5,41728.0,1,0,92,13,6,15,3,5,13,1,2,0,2,10,0,0,0,0,0,0,0,401,55,4,58,0
1951,2,4,51381.5,2,1,96,48,5,48,6,10,7,3,2,1,4,6,0,0,0,0,0,0,0,179,124,7,75,0
1954,4,3,72550.0,1,1,39,826,50,317,50,38,38,9,5,2,12,8,0,0,0,0,0,0,0,598,1319,19,72,1
1957,2,6,65486.0,0,1,29,245,19,125,37,67,14,1,4,2,10,2,0,0,0,0,0,0,0,48,507,16,69,1
1964,3,3,79143.0,0,0,2,650,37,780,27,167,32,1,6,9,13,3,0,0,0,0,0,0,0,687,1693,28,62,1
1977,2,4,35790.0,1,0,54,12,6,20,30,1,3,2,2,0,3,7,0,0,0,0,0,0,0,543,72,5,49,0
1977,2,2,82582.0,0,0,54,510,120,550,156,40,241,1,4,9,7,1,1,0,0,1,0,0,1,22,1617,20,49,1
1978,2,3,66373.0,1,1,57,328,9,124,12,24,109,7,4,2,10,3,0,0,0,0,0,0,0,382,606,16,48,0
1955,3,5,82384.0,0,0,55,984,51,432,180,120,190,1,3,10,13,1,0,0,1,0,0,0,1,587,1957,26,71,1
1966,2,2,70287.0,0,0,30,295,35,482,121,120,40,1,5,5,10,3,0,0,0,0,0,0,1,453,1093,20,60,1
1988,2,4,27938.0,1,0,31,13,0,8,2,1,5,1,1,0,4,3,0,0,0,0,0,0,0,62,29,5,38,0
1982,2,4,51381.5,1,0,57,11,3,22,2,2,6,2,2,0,3,6,0,0,0,0,0,0,0,377,46,5,44,0
1968,4,3,55954.0,0,1,63,447,0,28,0,0,43,3,8,2,6,7,0,0,0,0,0,0,0,118,518,16,58,0
1982,3,4,75777.0,0,0,12,712,26,538,69,13,80,1,3,6,11,1,0,1,1,0,0,0,1,360,1438,20,44,1
1975,2,5,66653.0,1,1,18,452,18,102,16,18,6,4,4,2,12,3,0,0,0,0,0,0,0,660,612,18,51,0
1952,2,4,61823.0,0,1,26,523,7,134,37,14,169,4,8,2,10,7,0,0,0,0,0,0,0,496,884,20,74,1
1951,4,6,67680.0,0,1,8,546,0,48,0,6,6,1,7,3,8,5,0,0,0,0,0,0,0,383,606,18,75,1
1948,2,5,70666.0,0,0,29,398,40,367,119,122,30,1,7,4,4,4,0,0,0,0,0,0,0,205,1076,15,78,1
1971,2,3,25721.0,1,0,75,1,3,6,3,6,15,1,1,1,2,7,0,0,0,0,0,0,1,404,34,4,55,0
1967,2,5,32474.0,1,1,0,10,0,1,0,0,0,1,1,0,2,7,0,0,0,0,0,0,0,49,11,3,59,0
1979,0,4,88194.0,0,1,19,688,14,309,201,24,38,1,11,10,10,5,1,0,0,1,0,0,1,102,1274,31,47,1
1958,2,5,69096.0,0,1,4,247,49,159,7,82,109,1,5,2,10,4,0,0,0,0,0,0,0,275,653,17,68,1
1970,2,5,74854.0,1,2,90,856,59,487,58,29,73,7,2,5,5,5,0,0,0,0,0,0,0,447,1562,12,56,1
1954,3,3,66991.0,0,0,1,496,36,460,189,60,12,3,4,8,6,3,0,0,0,0,0,0,0,656,1253,18,72,1
1973,0,3,51381.5,1,0,25,25,3,43,17,4,17,3,3,0,3,8,0,0,0,0,0,0,0,653,109,6,53,0
1959,2,3,65031.0,0,1,29,258,107,291,84,37,86,4,10,3,13,7,0,0,0,0,0,0,0,469,863,26,67,1
1975,4,3,60631.0,1,1,88,565,6,65,0,6,19,5,9,2,8,7,0,1,0,0,0,0,0,450,661,19,51,0
1952,2,3,28332.0,0,0,58,14,10,13,4,15,9,1,2,1,4,2,0,0,0,0,0,0,0,60,65,7,74,0
1977,2,2,40246.0,1,0,68,2,1,6,2,1,1,1,1,0,2,6,0,0,0,0,0,0,0,557,13,3,49,0
1972,3,3,75251.0,0,0,34,721,111,925,97,18,18,1,7,6,5,5,0,0,0,0,0,0,1,671,1890,18,54,1
1976,2,4,75825.0,0,0,40,1032,105,779,137,105,51,0,5,8,9,4,1,0,0,0,0,0,1,625,2209,22,50,1
1976,0,5,26326.0,0,0,12,1,0,5,0,3,9,1,0,0,3,3,0,0,0,0,0,1,0,298,18,3,50,0
1965,2,5,56046.0,0,0,9,577,0,64,0,0,51,2,10,1,8,8,1,0,0,0,0,0,1,543,692,19,61,1
1985,2,4,29760.0,1,0,87,64,4,68,7,5,17,4,3,1,4,8,0,0,0,0,0,0,0,669,165,8,41,0
1969,2,3,26304.0,1,0,5,4,1,5,2,0,4,1,1,0,2,7,0,0,0,0,0,0,0,371,16,3,57,0
1973,0,3,23559.0,1,0,87,25,5,19,7,0,23,3,3,0,3,7,0,0,0,0,0,0,0,361,79,6,53,0
1963,3,5,38620.0,0,0,56,112,17,44,34,22,89,1,2,5,3,3,0,0,0,0,0,0,0,414,318,10,63,0
1987,2,2,81361.0,0,0,18,163,23,424,27,65,76,1,3,10,13,1,0,0,0,0,0,0,0,124,778,26,39,1
1960,2,3,29440.0,1,1,95,17,8,14,10,4,3,2,1,0,4,7,0,0,0,0,0,0,0,322,56,5,66,0
1970,3,3,36138.0,1,1,48,130,0,16,0,0,5,5,3,1,4,7,0,1,0,0,0,0,0,348,151,8,56,0
1957,2,4,50388.0,0,1,3,292,6,37,0,3,34,4,6,1,6,7,0,1,0,1,0,0,1,32,372,13,69,0
1973,2,3,79593.0,0,0,70,350,60,568,110,133,145,1,5,6,7,2,0,0,1,0,0,0,0,48,1366,18,53,1
1967,2,5,54178.0,0,1,79,135,9,39,4,0,7,1,2,2,5,2,0,0,0,0,0,0,0,159,194,9,59,0
1957,4,3,51381.5,2,1,4,230,42,192,49,37,53,12,7,2,8,9,0,0,0,0,0,0,0,587,603,17,69,0
1957,2,4,51381.5,1,1,45,7,0,8,2,0,1,1,1,0,2,7,0,0,0,0,0,0,0,33,18,3,69,0
1973,3,5,51381.5,0,0,87,445,37,359,98,28,18,1,2,4,8,1,0,0,0,0,0,0,0,218,985,14,53,1
1972,3,4,42394.0,1,0,69,15,2,10,0,1,4,1,1,0,3,7,0,0,0,0,0,0,0,98,32,4,54,0
1970,4,3,23626.0,1,0,84,27,2,14,0,0,0,3,3,1,3,5,0,0,0,0,0,0,0,36,43,7,56,0
1983,2,3,30096.0,1,0,30,5,3,11,12,5,9,1,2,0,3,6,0,0,0,0,0,0,0,38,45,5,43,0
1960,2,6,47916.0,0,1,72,505,0,26,0,0,75,5,7,4,6,6,0,1,0,0,0,0,0,584,606,17,66,1
1972,2,2,51813.0,1,1,37,51,2,7,0,1,2,2,2,0,3,7,0,0,0,0,0,0,0,444,63,5,54,0
1951,0,3,78497.0,0,0,44,207,26,447,75,0,223,1,5,7,12,2,0,0,0,1,0,0,0,210,978,24,75,1
1983,4,3,50150.0,0,0,32,135,46,92,65,61,11,2,5,2,7,5,0,0,0,0,0,0,0,374,410,14,43,0
1960,0,4,47823.0,0,1,0,53,1,5,2,1,10,2,2,0,3,8,0,0,0,0,0,0,0,341,72,5,66,0
1959,4,4,34554.0,0,1,43,41,1,6,2,0,5,2,2,0,3,6,0,0,0,0,0,0,0,91,55,5,67,0
1979,2,5,85693.0,0,1,59,386,172,183,185,132,111,2,9,5,11,5,0,0,0,0,0,0,0,435,1169,25,47,1
1945,4,3,65846.0,0,0,68,562,81,276,80,40,81,1,6,3,6,4,0,0,0,0,0,0,0,408,1120,15,81,1
1959,2,3,87195.0,0,0,35,217,76,690,50,26,38,1,3,11,5,1,0,0,0,0,0,0,1,52,1097,19,67,1
1979,1,5,24594.0,1,0,94,1,3,6,10,0,9,1,1,0,3,5,0,0,0,0,0,0,0,201,29,4,47,0
1964,2,3,49096.0,1,1,15,144,1,32,2,1,7,4,4,1,4,7,0,0,0,0,0,0,0,278,187,9,62,0
1969,2,3,52413.0,0,2,56,295,106,271,75,98,65,4,6,4,12,6,0,0,0,0,0,0,0,512,910,22,57,1
1978,2,4,38557.0,1,0,17,76,3,31,4,4,27,2,3,1,3,7,0,0,0,0,0,0,0,557,145,7,48,0
1960,3,3,89058.0,0,0,18,454,194,106,31,22,43,1,5,4,4,2,0,0,0,0,0,0,0,569,850,13,66,1
1979,2,5,77298.0,0,1,46,425,115,292,23,35,79,1,6,6,11,3,0,0,0,0,0,0,0,239,969,23,47,1
1991,4,4,68126.0,0,0,40,1332,17,311,23,51,86,1,7,4,5,9,0,1,0,0,0,0,1,596,1820,16,35,1
1963,3,5,57288.0,0,1,27,527,0,21,0,0,60,3,8,1,8,6,0,1,0,0,0,0,0,4,608,17,63,1
1991,2,4,86037.0,0,0,95,490,44,125,29,20,22,1,6,7,11,3,0,1,1,0,0,0,1,543,730,24,35,1
1980,4,3,43974.0,1,0,19,378,0,101,0,0,72,5,6,4,6,7,0,0,0,0,0,0,0,564,551,16,46,0
1962,2,4,50785.0,1,1,27,64,1,21,0,1,27,2,2,1,3,6,0,0,0,0,0,0,0,292,114,6,64,0
1970,2,3,90765.0,0,0,25,547,99,812,151,82,33,0,4,6,5,1,0,0,1,1,0,0,0,156,1724,15,56,1
1978,0,3,36550.0,1,0,74,47,90,94,123,103,120,5,9,1,5,9,0,0,0,0,0,0,0,495,577,15,48,0
1967,0,5,30753.0,1,1,85,12,5,25,0,9,30,2,1,1,3,5,0,0,0,0,0,0,0,353,81,5,59,0
1969,2,5,21918.0,1,0,37,1,6,7,11,5,3,2,2,0,3,6,0,0,0,0,0,0,0,227,33,5,57,0
1953,3,5,56129.0,0,1,65,320,48,133,39,72,48,4,6,2,10,4,0,0,0,0,0,0,0,374,660,18,73,1
1967,3,4,32557.0,1,0,13,34,3,29,0,4,10,3,2,1,3,5,0,0,0,0,0,0,1,125,80,6,59,0
1985,3,3,19510.0,2,0,63,9,0,7,3,4,7,2,1,0,3,7,0,0,0,0,0,0,0,298,30,4,41,0
1976,2,2,30992.0,1,0,83,17,0,14,7,3,2,1,1,0,3,7,0,0,0,0,0,0,0,433,43,4,50,0
1983,2,4,101970.0,0,0,69,722,27,102,44,72,168,0,6,8,13,2,0,1,1,1,0,0,1,474,1135,27,43,1
1965,0,5,71488.0,0,0,87,162,33,124,40,28,172,2,3,4,7,1,0,0,0,0,0,0,0,496,559,14,61,1
1984,2,4,79607.0,0,0,37,450,133,951,173,0,216,1,3,6,6,1,0,0,0,0,0,0,1,434,1923,15,42,1
1953,3,3,54348.0,1,1,51,70,0,16,0,0,4,2,2,0,4,6,0,0,0,0,0,0,0,21,90,6,73,0
1961,4,3,51381.5,0,1,23,352,0,27,10,0,15,3,6,1,7,6,0,0,0,0,0,0,0,353,404,14,65,0
1956,4,5,77376.0,1,1,72,492,19,110,16,12,12,4,6,3,10,4,0,0,0,0,0,0,0,50,661,19,70,1
1952,2,3,62998.0,0,1,10,120,58,73,65,89,58,5,5,4,5,5,0,0,0,0,0,0,0,272,463,14,74,1
1958,3,1,61331.0,1,1,42,534,5,47,0,5,41,5,11,1,6,8,0,0,0,0,0,0,0,476,632,18,68,0
1969,2,3,73448.0,0,0,10,236,106,189,23,41,130,1,7,2,9,4,0,0,0,0,0,0,0,139,725,18,57,1
1963,2,3,51381.5,0,1,96,231,65,196,38,71,124,1,6,5,7,4,0,0,0,0,0,0,0,322,725,18,63,1
1964,4,3,41551.0,1,1,51,220,0,33,3,0,23,5,5,1,5,8,0,0,0,0,0,0,0,319,279,11,62,0
1967,4,5,62981.0,0,0,21,796,14,590,38,44,0,1,4,5,13,3,0,1,0,0,0,0,0,469,1482,22,59,1
1976,1,2,9548.0,1,0,31,0,1,3,10,6,9,2,1,0,3,8,0,0,0,0,0,0,0,690,29,4,50,0
1959,4,3,33762.0,2,1,61,53,1,34,2,0,16,3,2,2,2,8,0,0,0,0,0,0,0,357,106,6,67,0
1973,4,1,35860.0,1,1,37,15,0,8,4,2,20,2,1,1,2,5,1,0,0,0,0,0,1,41,49,4,53,0
1965,4,2,36921.0,1,1,74,17,1,12,3,1,4,2,2,0,3,7,0,0,0,0,0,0,0,336,38,5,61,0
1992,3,4,92859.0,0,0,46,962,61,921,52,61,20,1,5,4,12,2,0,0,0,0,0,0,0,618,2077,21,34,1
1976,3,5,65104.0,0,1,4,738,0,232,13,20,50,2,3,5,7,7,0,0,0,0,0,0,1,227,1053,15,50,1
1962,2,3,86111.0,0,0,73,399,28,756,36,40,126,1,5,7,10,2,0,0,0,0,0,0,0,436,1385,22,64,1
1974,4,4,68352.0,0,1,47,614,16,132,43,33,33,3,8,5,9,6,0,0,0,0,0,0,0,305,871,22,52,1
1988,2,5,41883.0,1,0,13,32,34,41,73,16,116,3,4,2,3,7,0,0,0,0,0,0,0,467,312,9,38,0
1976,2,3,59809.0,0,2,36,598,16,141,32,41,49,3,3,3,6,8,0,0,0,0,0,0,0,619,877,12,50,0
1975,2,3,23957.0,1,0,47,2,1,18,20,11,16,1,2,0,3,6,0,0,0,0,0,0,1,609,68,5,51,0
1981,2,5,38547.0,1,0,49,6,1,10,0,1,4,1,1,0,2,8,0,0,0,0,0,1,0,305,22,3,45,0
1973,0,3,35688.0,2,1,94,73,3,90,12,1,32,7,4,1,4,8,0,0,0,0,0,0,0,676,211,9,53,0
1966,3,3,49605.0,0,0,65,42,16,29,12,20,8,1,2,1,4,3,0,0,0,0,0,0,0,8,127,7,60,0
1953,3,3,59354.0,0,2,59,295,21,78,39,13,13,1,4,4,7,3,0,0,0,0,0,0,0,66,459,15,73,0
1969,2,3,65747.0,0,1,96,346,17,48,23,13,13,4,8,1,6,6,0,1,0,0,0,0,0,114,460,15,57,0
1972,0,5,46344.0,0,1,28,233,20,57,8,20,91,4,7,1,5,7,0,0,0,0,0,0,0,562,429,13,54,0
1988,2,1,34176.0,1,0,12,5,7,24,19,14,20,4,3,0,4,6,0,0,0,0,0,0,0,48,89,7,38,0
1952,4,5,61010.0,0,1,57,888,0,57,0,0,76,2,8,5,11,5,0,0,0,0,0,0,0,628,1021,24,74,1
1949,2,5,69372.0,0,0,10,997,26,269,34,13,42,1,10,4,6,4,0,1,1,0,0,0,1,495,1381,20,77,1
1958,2,4,49967.0,0,1,4,212,6,69,4,12,3,3,6,1,5,7,0,0,0,0,0,0,0,356,306,12,68,0
1978,2,4,60199.0,1,2,49,8,1,7,2,0,0,1,0,0,3,4,0,0,0,0,0,0,0,290,18,3,48,0
1977,2,5,55375.0,0,1,3,42,11,57,10,28,14,1,1,1,6,2,0,0,0,0,0,0,0,255,162,8,49,0
1955,2,4,80317.0,0,0,64,536,11,387,149,91,57,1,3,4,10,1,0,0,0,0,0,0,0,313,1231,17,71,1
1958,3,4,30523.0,2,1,0,5,0,3,0,0,5,1,1,0,2,7,0,0,0,0,0,0,0,363,13,3,68,0
1945,4,3,70356.0,0,0,20,1349,16,249,43,16,33,2,10,6,9,6,0,0,0,0,0,0,0,601,1706,25,81,1
1984,2,3,23228.0,1,0,91,53,3,49,7,4,5,4,3,0,4,8,0,0,0,0,0,0,0,175,121,7,42,0
1975,4,2,74165.0,0,0,9,1001,12,240,16,12,12,1,5,4,10,2,0,0,0,0,0,0,0,424,1293,19,51,1
1973,4,3,157243.0,0,1,98,20,2,1582,1,2,1,15,0,22,0,0,0,0,0,0,0,0,0,120,1608,22,53,1
1966,2,5,43482.0,2,1,83,18,1,32,6,3,28,3,2,0,4,6,0,0,0,0,0,0,0,228,88,6,60,0
1953,2,2,62551.0,0,0,27,125,16,98,134,21,27,1,6,7,4,3,1,0,0,0,0,0,0,223,421,17,73,1
1959,2,2,52332.0,0,0,63,212,5,33,7,0,2,1,3,2,6,4,0,1,0,0,0,0,0,305,259,11,67,0
1988,2,4,66951.0,0,0,46,277,162,305,173,76,124,1,3,4,7,1,0,0,0,0,0,0,0,239,1117,14,38,1
1957,2,5,26091.0,1,1,84,15,10,19,8,17,20,3,2,1,3,5,0,0,0,0,0,0,0,124,89,6,69,0
1965,2,5,33456.0,1,1,58,7,3,10,8,1,7,2,1,0,3,7,0,0,0,0,0,0,0,69,36,4,61,0
1982,2,3,28718.0,1,0,78,12,4,6,11,8,16,2,2,0,3,8,0,0,0,0,0,0,0,351,57,5,44,0
1970,2,3,50447.0,2,0,4,85,7,24,2,3,27,1,3,1,3,6,0,0,0,0,0,0,0,69,148,7,56,0
1959,4,5,53537.0,1,1,17,81,0,6,0,0,6,2,2,1,3,5,0,0,0,0,0,0,0,150,93,6,67,0
1967,2,4,52074.0,0,1,77,59,0,12,0,0,48,1,2,2,2,4,1,0,0,0,0,0,0,86,119,6,59,0
1975,4,3,80427.0,0,1,56,1149,71,449,69,71,26,1,11,8,8,5,0,0,0,0,0,0,0,655,1835,27,51,1
1948,4,3,83837.0,0,0,79,847,66,119,86,89,111,1,9,10,5,4,0,1,0,1,0,0,1,560,1318,24,78,1
1970,4,3,38853.0,1,1,90,29,0,14,0,0,2,2,2,0,3,7,0,0,0,0,0,0,0,37,45,5,56,0
1959,2,5,38285.0,2,1,96,2,0,5,2,0,1,1,0,0,3,2,0,0,0,0,0,0,0,5,10,3,67,0
1951,0,3,78497.0,0,0,44,207,26,447,75,0,223,1,5,7,12,2,0,0,0,1,0,0,0,210,978,24,75,1
1976,4,3,51650.0,0,1,81,152,3,22,2,5,7,1,4,1,4,5,0,0,0,0,0,0,0,49,191,9,50,0
1988,0,3,16248.0,1,0,77,12,11,10,3,12,9,3,2,1,3,6,0,0,0,0,0,0,0,50,57,6,38,0
1946,3,3,66835.0,0,0,21,620,26,195,34,17,141,1,6,4,13,2,0,0,0,0,0,0,0,274,1033,23,80,1
1984,3,3,30477.0,1,0,16,47,1,6,0,0,12,1,1,1,3,6,0,0,0,0,0,0,0,158,66,5,42,0
1961,1,3,28249.0,0,0,80,1,9,7,2,14,10,1,2,0,3,6,0,0,0,0,0,0,0,14,43,5,65,0
1983,2,3,25271.0,1,0,45,10,1,18,10,4,7,1,1,1,2,9,0,0,0,0,0,0,0,571,50,4,43,0
1970,4,4,32303.0,0,1,63,35,0,2,0,0,2,2,1,0,4,5,0,0,0,0,0,0,0,113,39,5,56,0
1966,2,3,61286.0,0,1,34,356,0,107,19,9,117,2,7,1,8,5,0,0,0,0,0,0,0,331,608,16,60,1
1976,2,3,74068.0,0,0,14,783,30,537,140,76,15,1,4,10,9,2,0,0,0,0,0,0,0,467,1581,23,50,1
1964,4,3,45759.0,1,1,13,42,1,18,3,0,4,2,2,0,3,7,0,0,0,0,0,0,0,491,68,5,62,0
1978,1,5,24882.0,1,0,52,1,4,10,29,0,36,1,1,1,2,6,1,0,0,0,0,0,0,658,80,4,48,0
1989,4,5,66973.0,0,0,98,466,22,432,147,113,102,1,8,7,12,3,0,0,0,0,0,0,0,408,1282,27,37,1
1900,0,2,36640.0,1,0,99,15,6,8,7,4,25,1,2,1,2,5,0,0,0,0,0,1,0,276,65,5,126,0
1988,2,3,38872.0,1,0,93,23,3,21,3,19,22,2,3,0,3,8,0,0,0,0,0,0,0,395,91,6,38,0
1973,2,3,51148.0,1,1,38,235,6,45,8,9,12,4,5,1,6,6,0,0,0,0,0,0,0,496,315,12,53,0
1977,2,3,31353.0,1,1,24,10,0,10,3,1,7,2,1,1,2,8,0,0,0,0,0,0,0,182,31,4,49,0
1980,3,3,69661.0,0,0,80,656,16,106,32,16,8,1,7,3,12,3,0,0,0,0,0,0,0,47,834,22,46,1
1954,2,3,80067.0,0,0,82,519,17,813,27,173,51,1,4,6,6,2,0,0,1,0,0,0,0,283,1600,16,72,1
1954,2,3,86718.0,0,0,20,344,189,482,50,33,172,1,5,6,5,2,0,0,0,0,0,0,0,528,1270,16,72,1
1973,4,4,46854.0,1,1,81,96,1,79,7,1,79,6,5,1,3,8,1,0,0,0,0,0,1,90,263,9,53,0
1952,2,2,69142.0,0,1,50,448,4,34,6,4,39,3,8,1,7,5,0,1,0,0,0,0,0,0,535,16,74,1
1968,2,4,75922.0,0,0,60,265,138,553,224,23,92,1,4,4,9,1,0,0,0,0,0,0,0,202,1295,17,58,1
1978,2,2,63693.0,0,1,63,587,43,337,42,87,54,3,11,6,9,6,0,0,0,0,0,0,0,258,1150,26,48,1
1977,4,5,102160.0,0,0,54,763,29,138,76,176,58,0,7,9,10,4,0,1,1,1,0,0,1,604,1240,26,49,1
1965,4,4,40637.0,1,1,72,22,0,13,0,0,3,2,1,0,3,7,0,0,0,0,0,0,0,347,38,4,61,0
1984,3,4,18890.0,0,0,5,6,4,1,7,2,15,1,0,1,2,6,1,0,0,0,0,0,1,596,35,3,42,0
1988,2,5,29604.0,1,0,88,7,6,13,7,6,14,1,1,0,3,9,1,0,0,0,0,0,0,203,53,4,38,0
1963,3,2,48721.0,1,1,50,81,18,113,47,13,21,6,4,2,5,6,0,0,0,0,0,0,0,412,293,11,63,0
1966,2,3,44794.0,0,1,99,54,0,7,0,0,4,1,2,0,3,6,0,0,0,0,0,0,0,21,65,5,60,0
1954,2,2,64497.0,0,1,17,1170,48,320,42,32,192,5,11,4,9,8,1,0,0,0,0,0,1,657,1804,24,72,1
1956,2,5,46097.0,0,1,11,72,24,68,65,4,8,5,3,1,6,4,0,0,0,0,0,0,0,455,241,10,70,0
1954,2,5,77972.0,0,0,18,613,22,319,33,102,12,1,4,6,9,1,0,0,0,0,0,0,0,103,1101,19,72,1
1968,4,3,44377.0,1,1,70,224,0,30,0,0,10,8,5,1,5,8,0,0,0,0,0,0,0,632,264,11,58,0
1974,3,5,46014.0,1,1,21,410,0,59,19,9,44,10,7,1,8,7,0,0,0,0,0,0,0,524,541,16,52,0
1985,2,3,70951.0,0,0,66,239,10,554,254,87,54,1,3,4,9,1,0,0,0,0,0,0,0,421,1198,16,41,1
1977,2,3,41443.0,1,0,79,171,7,171,25,19,89,6,8,1,5,8,0,0,0,0,0,0,0,89,482,14,49,0
1978,0,4,52195.0,2,1,2,12,0,4,0,0,1,1,1,0,2,8,0,0,0,0,0,0,0,48,17,3,48,0
1948,3,3,83790.0,0,0,81,1076,16,417,42,48,16,1,8,10,6,3,0,1,1,0,0,0,0,226,1615,24,78,1
1954,3,6,44551.0,0,1,24,182,4,33,0,0,66,2,4,1,5,7,0,0,0,0,0,0,0,302,285,10,72,0
1980,2,5,69508.0,1,0,48,824,32,162,42,32,43,2,11,4,11,6,0,0,0,0,0,0,0,592,1135,26,46,1
1988,0,5,45204.0,1,0,93,30,11,25,29,1,18,1,1,1,4,3,0,0,0,0,0,0,0,79,114,6,38,0
1969,2,3,72460.0,0,0,56,377,10,540,80,30,10,1,3,5,7,1,0,0,0,0,0,0,0,227,1047,15,57,1
1970,4,5,77622.0,0,2,3,520,7,154,19,0,14,2,6,3,11,3,0,0,0,0,0,0,0,76,714,20,56,1
1980,4,3,30732.0,1,0,44,155,1,25,0,1,3,4,4,1,4,8,0,0,0,0,0,0,0,540,185,9,46,0
1962,2,2,63887.0,0,1,38,897,23,207,15,11,92,5,9,6,12,6,0,0,0,0,0,0,0,659,1245,27,64,1
1978,2,5,42011.0,1,0,46,131,0,16,2,1,39,4,3,1,4,8,0,0,0,0,0,0,0,460,189,8,48,0
1976,2,5,51369.0,0,1,84,297,7,79,0,11,182,2,8,2,4,8,0,0,0,0,0,0,0,612,576,14,50,0
1952,2,2,51537.0,0,1,27,787,20,204,0,0,92,3,2,2,11,8,0,0,0,0,0,0,0,567,1103,15,74,1
1972,4,3,79930.0,0,0,72,792,86,740,67,51,17,1,3,5,8,2,0,0,0,0,0,0,0,690,1753,16,54,1
1986,4,5,34320.0,1,0,66,4,1,9,3,0,0,1,1,0,2,8,0,0,0,0,0,0,0,133,17,3,40,0
1966,2,4,37070.0,1,1,30,231,7,137,4,15,39,9,5,1,8,7,0,0,0,0,0,0,1,466,433,14,60,0
1962,0,2,81975.0,0,1,2,983,76,184,180,138,27,1,6,3,4,7,0,0,1,0,0,0,0,540,1588,13,64,1
1971,2,5,38590.0,1,0,65,3,1,8,4,3,3,1,1,0,2,8,0,0,0,0,0,0,0,410,22,3,55,0
1951,2,4,15033.0,0,0,37,0,4,5,6,0,4,1,1,0,3,3,0,0,0,0,0,0,0,74,19,4,75,0
1965,4,3,62745.0,0,1,89,562,21,464,28,10,32,3,7,8,11,5,0,0,0,0,0,0,0,463,1117,26,61,1
1975,0,3,22212.0,1,0,49,5,9,20,6,8,21,2,2,0,4,6,0,0,0,0,0,0,0,202,69,6,51,0
1982,3,5,23661.0,1,0,46,18,0,4,0,0,1,1,1,0,3,7,0,0,0,0,0,0,0,207,23,4,44,0
1958,4,4,79761.0,0,1,32,415,5,124,15,35,11,1,5,2,11,3,0,0,0,0,0,0,0,268,605,18,68,1
1973,2,4,7500.0,1,0,54,5,3,10,12,7,20,4,3,1,3,7,0,0,0,0,0,0,0,185,57,7,53,0
1893,0,4,60182.0,0,1,23,8,0,5,7,0,2,1,1,0,2,4,0,0,0,0,0,0,0,43,22,3,133,0
1968,2,6,73455.0,0,0,98,901,61,757,186,163,20,1,6,5,10,3,0,1,0,0,0,0,0,244,2088,21,58,1
1958,2,5,64961.0,0,1,97,382,114,276,75,124,38,2,6,4,4,3,0,0,0,0,0,0,0,553,1009,14,68,1
1971,2,4,22804.0,1,0,75,14,1,7,2,1,1,1,2,0,2,9,0,0,0,0,0,0,0,333,26,4,55,0
1990,2,3,73687.0,0,0,8,559,153,503,218,13,181,1,3,9,9,2,0,0,0,1,0,0,1,213,1627,21,36,1
1958,2,3,61074.0,0,1,37,789,0,133,0,28,152,7,11,5,8,7,0,0,0,0,0,0,0,681,1102,24,68,1
1964,4,3,31686.0,1,1,31,11,0,5,0,0,1,2,1,0,3,6,0,0,0,0,0,0,0,24,17,4,62,0
1972,2,3,80134.0,1,0,40,1218,16,272,104,0,80,2,5,3,6,6,0,1,1,1,0,0,1,405,1690,14,54,1
1953,2,3,75027.0,0,1,74,925,64,179,133,12,77,2,9,4,6,5,0,0,0,0,0,0,0,536,1390,19,73,1
1988,4,3,67546.0,0,0,90,864,134,768,150,38,172,1,4,10,5,3,0,0,0,0,0,0,0,667,2126,19,38,1
1969,3,5,65176.0,0,1,57,960,28,183,220,70,70,4,9,6,6,6,0,0,0,0,0,0,0,608,1531,21,57,1
1975,3,4,31160.0,1,0,59,16,3,25,6,1,13,2,2,0,3,8,0,0,0,0,0,0,0,286,64,5,51,0
1985,2,4,29938.0,1,0,52,3,3,7,0,2,11,2,1,0,3,6,0,0,0,0,0,0,0,245,26,4,41,0
1974,2,2,102692.0,0,0,5,168,148,444,32,172,148,1,6,9,13,2,0,1,1,1,1,0,1,450,1112,28,52,1
1958,0,5,26490.0,0,0,92,45,47,52,21,20,25,2,3,1,5,6,0,0,0,0,0,0,0,645,210,9,68,0
1967,2,5,75702.0,1,1,77,650,28,353,45,42,30,5,4,6,11,8,0,0,0,0,0,0,0,669,1148,21,59,1
1974,4,4,30899.0,1,0,35,24,0,8,0,0,1,2,1,0,3,6,0,0,0,0,0,0,0,624,33,4,52,0
1961,4,5,63342.0,0,1,48,918,21,118,13,10,21,3,8,3,5,6,0,1,0,0,0,0,0,621,1101,16,65,1
1964,2,4,45989.0,0,1,97,138,33,87,28,24,12,4,3,2,7,3,0,0,0,0,0,0,0,615,322,12,62,0
1964,2,4,18701.0,1,1,95,12,4,2,10,6,10,4,2,0,4,5,0,0,0,0,0,0,0,390,44,6,62,0
1957,4,4,40737.0,2,1,24,11,0,4,0,0,2,1,1,0,2,8,0,0,0,0,0,0,0,203,17,3,69,0
1979,2,2,15287.0,1,0,60,1,2,8,4,3,13,2,1,1,2,7,1,0,0,0,0,0,1,627,31,4,47,0
1968,4,2,69674.0,0,2,46,554,41,215,11,0,24,3,10,2,10,5,0,0,0,0,0,0,0,403,845,22,58,1
1970,3,3,44159.0,1,0,85,167,2,62,24,13,7,4,4,1,6,5,0,0,0,0,0,0,0,12,275,11,56,0
1978,4,3,37717.0,1,0,31,9,0,6,4,1,5,1,1,0,2,9,0,0,0,0,0,0,0,583,25,3,48,0
1952,3,5,43776.0,1,1,9,177,2,71,3,2,20,6,5,2,4,8,0,0,0,0,0,0,1,511,275,11,74,0
1966,3,3,38179.0,1,1,30,38,4,22,4,2,20,4,3,1,3,7,0,0,0,0,0,0,0,472,90,7,60,0
1963,2,3,80124.0,0,0,47,483,84,398,205,84,241,1,3,7,8,1,1,0,0,0,0,0,0,3,1495,18,63,1
1970,4,3,38097.0,1,1,70,77,2,35,0,1,69,4,3,2,2,7,1,0,0,0,0,0,1,622,184,7,56,0
1970,2,3,72940.0,0,0,13,182,74,298,162,149,116,1,3,3,6,1,0,0,0,0,0,0,0,375,981,12,56,1
1970,2,5,22070.0,1,0,11,10,7,19,8,2,21,2,2,2,2,6,0,0,0,0,0,0,0,268,67,6,56,0
1953,2,4,69267.0,0,0,31,778,44,499,95,73,146,2,3,4,5,7,0,0,0,0,0,0,1,645,1635,12,73,1
1983,3,4,31788.0,1,0,15,16,7,23,0,8,6,3,3,0,4,5,0,0,0,0,0,1,0,101,60,7,43,0
1975,4,5,61905.0,0,1,2,167,0,43,6,2,13,2,4,2,4,5,0,0,0,0,0,0,0,145,231,10,51,0
1960,2,3,29315.0,1,1,55,13,2,14,8,7,4,4,2,0,4,6,0,0,0,0,0,0,0,84,48,6,66,0
1963,2,2,33378.0,1,1,38,33,6,40,3,7,10,3,2,0,4,7,0,0,0,0,0,0,0,508,99,6,63,0
1963,4,5,66313.0,0,1,86,625,7,99,10,22,7,2,6,3,12,4,0,0,0,0,0,0,0,286,770,21,63,1
1956,2,4,60714.0,0,0,56,216,162,224,101,92,162,2,7,4,10,5,0,0,0,0,0,0,1,528,957,21,70,1
1981,3,5,77882.0,0,0,29,68,129,396,188,22,15,1,3,3,5,1,0,0,0,0,0,0,0,60,818,11,45,1
1986,4,4,69867.0,0,0,30,196,0,512,33,130,54,1,3,5,8,1,0,0,0,1,0,0,1,453,925,16,40,1
1968,3,2,63841.0,0,1,64,635,15,100,20,7,131,1,9,3,9,6,0,0,0,0,0,0,0,434,908,21,58,1
1981,1,3,24480.0,1,0,46,4,19,9,28,25,17,3,3,0,4,7,0,0,0,0,0,0,0,503,102,7,45,0
1976,2,5,51369.0,0,1,84,297,7,79,0,11,182,2,8,2,4,8,0,0,0,0,0,0,0,612,576,14,50,0
1946,2,5,37760.0,0,0,20,84,5,38,150,12,28,2,4,1,6,7,0,0,0,0,0,0,0,667,317,11,80,0
1974,4,5,65640.0,0,1,74,204,7,149,20,15,66,1,5,1,8,2,0,0,0,0,0,0,0,120,461,14,52,0
1975,3,3,44319.0,1,1,18,26,0,8,0,0,3,2,2,0,3,5,0,0,0,0,0,0,0,73,37,5,51,0
1974,2,3,30631.0,1,0,75,15,6,20,4,5,20,1,3,1,2,7,0,0,0,0,0,0,0,352,70,6,52,0
1952,2,5,75278.0,0,0,17,304,98,230,150,74,74,1,6,3,13,3,0,0,0,0,0,0,0,516,930,22,74,1
1956,3,5,50898.0,1,1,88,285,28,242,55,114,135,13,6,2,12,5,0,0,0,0,0,0,0,537,859,20,70,1
1966,2,6,79946.0,0,0,19,395,183,565,166,141,28,1,5,11,5,3,0,0,0,0,0,0,0,48,1478,21,60,1
1949,3,2,35416.0,0,0,62,248,3,81,4,3,51,3,7,1,5,8,0,0,0,0,0,0,0,381,390,13,77,0
1984,0,5,32414.0,0,0,11,20,6,5,0,9,12,1,1,0,3,7,1,0,0,0,0,0,0,360,52,4,42,0
1969,2,5,38361.0,1,0,74,39,0,56,20,8,14,3,3,1,3,7,0,0,0,0,0,0,0,184,137,7,57,0
1980,2,3,82497.0,0,0,32,777,129,573,216,21,203,1,2,7,9,4,0,0,1,0,0,0,0,606,1919,18,46,1
1971,2,5,16626.0,2,0,76,8,3,22,21,1,13,3,3,0,3,9,0,0,0,0,0,0,0,165,68,6,55,0
1965,2,5,29672.0,1,1,6,9,1,3,0,4,8,1,0,0,3,6,0,0,0,0,0,0,0,474,25,3,61,0
1952,3,5,55951.0,0,1,62,1241,0,80,0,13,40,3,3,6,11,8,0,1,0,0,1,0,0,675,1374,20,74,1
1988,0,2,35388.0,1,0,20,6,4,7,4,3,8,1,1,0,3,7,0,0,0,0,0,0,0,479,32,4,38,0
1986,3,5,42386.0,1,0,43,65,4,16,0,4,11,1,3,0,3,8,0,0,0,0,0,0,0,532,100,6,40,0
1982,2,4,68627.0,0,0,45,395,15,263,60,54,38,1,2,3,6,1,0,0,0,0,0,0,0,533,825,11,44,1
1965,4,2,57912.0,0,1,34,801,0,80,0,0,35,5,8,3,12,5,0,1,0,0,0,0,0,104,916,23,61,1
1958,2,2,35246.0,1,1,53,36,0,12,2,2,10,4,3,1,3,5,0,0,0,0,0,0,0,74,62,7,68,0
1956,0,5,58821.0,0,1,44,513,14,154,19,0,28,1,9,2,9,6,0,0,0,0,0,0,0,260,728,20,70,1
1978,4,3,46377.0,1,0,89,37,0,46,4,3,0,1,2,1,3,4,0,0,0,0,0,0,0,120,90,6,48,0
1988,2,4,39747.0,1,0,43,80,15,93,20,13,52,3,5,1,4,8,0,0,0,0,0,0,0,77,273,10,38,0
1984,2,5,23976.0,1,0,68,14,1,21,2,3,25,3,3,1,3,7,0,0,0,0,0,0,0,184,66,7,42,0
1961,3,3,80950.0,0,0,44,525,147,112,219,147,63,1,6,7,9,2,0,0,0,1,0,0,0,458,1213,22,65,1
1966,2,6,27038.0,0,0,64,1,26,25,17,23,15,1,3,0,3,9,0,0,0,0,0,0,1,649,107,6,60,0
1947,2,4,77457.0,0,0,85,675,11,400,15,45,11,1,2,5,10,1,0,0,1,0,0,0,0,116,1157,17,79,1
1964,3,3,64100.0,0,1,93,509,0,27,0,0,10,1,8,3,6,7,0,1,0,0,0,0,0,292,546,17,62,0
1992,3,5,42670.0,0,0,12,154,2,46,20,4,15,1,4,2,4,4,0,0,0,0,0,0,0,428,241,10,34,0
1976,2,2,12571.0,1,0,86,3,5,14,2,12,17,4,3,1,3,6,0,0,0,0,0,0,0,162,53,7,50,0
1967,2,3,22574.0,2,1,28,25,0,8,2,0,2,2,2,0,3,7,0,0,0,0,0,0,0,244,37,5,59,0
1989,2,3,51381.5,0,0,69,861,138,461,60,30,61,1,6,5,12,3,0,1,0,1,0,0,0,391,1611,23,37,1
1976,3,4,70893.0,0,0,42,768,44,561,77,44,14,1,6,6,10,3,0,0,0,0,0,0,0,508,1508,22,50,1
1966,2,3,54198.0,1,1,13,185,0,28,3,2,17,6,3,1,6,4,0,0,0,0,0,0,0,194,235,10,60,0
1956,3,5,28839.0,1,1,86,24,0,7,0,0,1,2,2,0,3,5,0,0,0,0,0,0,0,110,32,5,70,0
1972,2,3,40321.0,1,1,59,44,4,21,6,0,27,2,3,0,3,7,0,0,0,0,0,0,0,335,102,6,54,0
1985,2,4,66503.0,1,0,30,91,64,128,65,3,50,2,4,3,6,3,0,0,0,0,0,0,0,684,401,13,41,0
1951,2,3,30833.0,1,1,33,11,0,7,3,1,6,2,1,0,3,5,0,0,0,0,0,0,0,348,28,4,75,0
1970,2,4,51381.5,1,2,67,738,20,172,52,50,20,6,2,3,10,7,0,1,0,1,0,0,0,310,1052,15,56,1
1971,2,3,64795.0,0,1,23,412,5,119,38,29,77,3,3,3,12,2,0,0,0,0,0,0,0,528,680,18,55,1
1974,2,3,34421.0,1,0,81,3,3,7,6,2,9,1,1,0,2,7,0,0,0,0,0,0,0,363,30,3,52,0
1965,4,2,47025.0,1,1,6,16,0,3,0,0,1,1,1,0,2,7,0,0,0,0,0,0,0,140,20,3,61,0
1961,4,2,64325.0,0,1,41,731,60,353,78,12,73,5,10,3,5,7,0,0,0,0,0,0,0,507,1307,18,65,1
1953,2,4,40464.0,0,1,78,424,17,118,7,23,41,6,8,2,8,8,0,0,0,0,0,0,0,534,630,18,73,0
1957,2,3,62187.0,0,0,49,792,0,275,45,45,126,1,4,8,5,3,0,0,0,0,0,0,0,359,1283,17,69,1
1976,4,2,14849.0,1,0,39,21,2,28,3,2,9,3,2,0,4,8,0,0,0,0,0,0,0,362,65,6,50,0
1984,2,3,27255.0,1,0,3,22,1,11,0,1,2,1,1,0,3,7,0,0,0,0,0,0,0,234,37,4,42,0
1950,4,3,54432.0,2,1,37,33,0,5,0,0,0,1,1,0,3,4,0,0,0,0,0,0,0,416,38,4,76,0
1986,4,4,29999.0,1,0,22,68,7,59,10,5,11,4,3,1,4,8,0,0,0,0,0,0,0,501,160,8,40,0
1983,2,4,24072.0,1,0,79,9,1,6,3,0,4,1,1,0,2,8,0,0,0,0,0,0,0,439,23,3,43,0
1989,4,4,33996.0,0,0,46,40,2,15,8,0,6,1,1,1,3,4,0,0,0,0,0,0,0,291,71,5,37,0
1956,4,3,66334.0,0,1,82,909,11,218,0,0,23,2,9,3,5,5,0,0,0,0,0,0,1,452,1161,17,70,1
1971,3,3,35178.0,1,0,10,23,1,13,2,2,18,1,1,1,2,7,1,0,0,0,0,0,1,535,59,4,55,0
1983,2,5,22010.0,1,0,51,11,2,9,3,0,8,2,2,0,3,8,0,0,0,0,0,0,0,364,33,5,43,0
1960,2,2,62204.0,0,2,38,317,46,247,151,46,139,1,4,5,12,3,0,0,0,0,0,0,0,655,946,21,66,1
1968,2,2,75693.0,0,0,10,797,153,293,72,97,30,1,11,4,6,4,0,1,1,1,0,0,1,570,1442,21,58,1
1972,2,3,30675.0,1,0,14,10,2,16,11,2,21,1,1,0,3,8,0,0,0,0,0,0,0,594,62,4,54,0
1965,2,5,83003.0,0,0,18,856,61,570,40,25,122,1,7,6,8,3,0,0,1,0,0,0,1,483,1674,21,61,1
1899,4,5,83532.0,0,0,36,755,144,562,104,64,224,1,4,6,4,1,0,0,1,0,0,0,0,276,1853,14,127,1
1988,2,4,68655.0,0,0,95,456,19,832,75,118,38,1,4,5,11,3,0,0,0,0,0,0,0,688,1538,20,38,1
1986,2,2,41411.0,0,0,11,37,32,38,11,3,18,1,2,1,4,6,0,0,0,0,0,0,0,204,139,7,40,0
1969,4,3,55212.0,0,1,65,1103,0,45,0,0,34,3,4,2,11,8,0,1,0,0,1,0,0,583,1182,17,57,1
1950,4,5,59292.0,0,1,71,378,14,68,19,14,14,2,3,5,8,3,0,0,0,0,0,0,0,381,507,16,76,1
1973,1,5,27190.0,1,0,13,1,6,7,0,1,3,1,1,0,2,8,1,0,0,0,0,0,1,318,18,3,53,0
1952,2,2,82623.0,0,0,58,204,34,204,172,153,173,1,2,9,4,1,0,0,0,0,0,0,0,231,940,15,74,1
1965,2,3,44300.0,1,1,65,30,0,9,0,0,3,2,1,0,3,6,0,0,0,0,0,0,0,371,42,4,61,0
1970,2,2,84835.0,0,0,0,189,104,379,111,189,218,1,4,4,6,1,0,0,0,0,0,0,1,13,1190,14,56,1
1971,2,6,30372.0,1,1,33,15,0,12,7,3,7,3,2,0,3,7,0,0,0,0,0,0,0,551,44,5,55,0
1976,3,3,33181.0,1,0,90,9,0,3,0,0,4,1,1,0,2,6,1,0,0,0,0,0,0,177,16,3,50,0
1957,2,3,71113.0,0,1,95,495,33,255,11,33,8,4,6,7,9,4,0,0,0,0,0,0,0,194,835,22,69,1
1986,2,3,71952.0,1,0,93,656,80,455,52,107,93,2,8,4,8,4,1,0,1,0,0,0,0,535,1443,20,40,1
1966,4,4,69759.0,0,0,38,452,20,514,13,30,0,3,4,6,5,3,0,0,0,0,0,0,1,244,1029,15,60,1
1974,2,3,72099.0,0,0,18,546,91,410,119,0,22,1,3,4,10,1,0,0,0,0,0,0,0,610,1188,17,52,1
1976,4,4,60000.0,0,1,57,1048,0,217,0,0,12,5,11,3,5,6,0,0,0,0,0,0,0,554,1277,19,50,1
1978,2,4,38643.0,1,1,45,22,2,14,0,1,10,2,2,0,3,7,0,0,0,0,0,1,0,212,49,5,48,0
1955,2,3,50737.0,0,1,61,78,0,11,0,0,10,1,2,0,4,6,0,1,0,0,0,0,0,414,99,6,71,0
1969,4,3,68462.0,0,0,6,561,64,785,84,128,48,1,3,3,8,1,0,0,0,0,0,0,0,564,1670,14,57,1
1943,3,3,65073.0,0,0,65,629,17,177,69,0,8,1,5,3,5,2,0,0,0,0,0,1,0,313,900,13,83,1
1948,4,5,46681.0,0,2,52,269,15,69,15,19,38,2,4,6,4,5,0,0,0,0,0,0,0,264,425,14,78,0
1957,2,3,78618.0,0,0,87,736,163,818,212,163,61,1,4,7,10,2,0,1,0,0,0,0,0,639,2153,21,69,1
1969,4,6,62187.0,0,1,38,512,0,83,0,0,41,3,6,2,10,4,0,0,0,0,0,0,0,99,636,18,57,1
1978,2,3,28442.0,2,0,53,19,3,10,11,8,6,3,2,1,4,4,0,0,0,0,0,0,0,125,57,7,48,0
1978,4,3,37717.0,1,0,31,9,0,6,4,1,5,1,1,0,2,9,0,0,0,0,0,0,0,583,25,3,48,0
1967,2,3,51479.0,1,1,67,247,8,160,6,8,65,7,6,3,6,7,0,0,0,0,0,0,0,548,494,15,59,0
1969,2,4,54803.0,0,1,65,404,0,92,28,27,142,2,6,2,9,4,0,0,0,0,0,0,0,677,693,17,57,1
1960,2,3,79530.0,0,0,64,333,0,815,129,42,29,1,4,10,11,2,0,0,0,0,0,0,0,408,1348,25,66,1
1976,2,2,31615.0,1,0,82,2,3,20,6,11,9,2,2,0,3,7,0,0,0,0,0,0,0,470,51,5,50,0
1962,2,5,72025.0,0,0,27,833,33,549,151,133,233,1,4,3,8,3,0,0,0,0,0,0,0,589,1932,15,64,1
1975,4,4,52614.0,0,1,63,789,0,142,12,9,38,2,2,4,8,8,0,0,0,0,0,0,0,575,990,14,51,0
1984,0,3,35684.0,1,0,66,10,4,7,0,6,3,1,1,0,3,6,0,0,0,0,0,0,0,68,30,4,42,0
1975,2,3,48178.0,1,1,69,159,4,45,6,2,38,6,5,1,4,8,0,0,0,0,0,0,0,609,254,10,51,0
1970,3,4,29548.0,1,0,52,7,1,6,3,1,11,1,1,1,2,4,1,0,0,0,0,0,0,304,29,4,56,0
1966,2,4,63810.0,0,1,45,977,12,253,16,12,101,4,4,3,12,8,0,1,0,0,0,0,0,595,1371,19,60,1
1972,4,4,38578.0,1,1,2,38,4,22,3,3,3,3,3,0,3,8,0,0,0,0,0,0,1,372,73,6,54,0
1975,3,4,46098.0,1,1,86,57,0,27,0,0,36,4,3,2,2,8,0,0,0,0,0,0,0,680,120,7,51,0
1970,2,4,22585.0,0,0,23,3,9,15,13,2,39,1,1,1,2,9,1,0,0,0,0,0,1,468,81,4,56,0
1989,2,4,30279.0,1,0,13,10,4,14,4,4,1,1,1,0,3,8,0,0,0,0,0,0,0,546,37,4,37,0
1961,4,5,66426.0,0,1,14,1043,24,97,32,24,157,2,3,5,10,6,0,0,0,0,0,0,0,270,1377,18,65,1
1969,2,4,30822.0,1,0,92,3,9,13,2,12,12,1,1,0,3,7,0,0,0,0,0,0,0,380,51,4,57,0
1969,4,3,33581.0,2,0,38,11,0,5,0,0,1,1,1,0,2,8,0,0,0,0,0,0,0,537,17,3,57,0
1985,2,3,19986.0,1,0,74,3,6,5,0,2,6,1,0,0,3,7,0,0,0,0,0,0,0,227,22,3,41,0
1954,2,6,27421.0,0,0,14,43,12,96,78,40,55,3,4,1,6,7,0,0,0,0,0,0,0,564,324,11,72,0
1973,0,3,35688.0,2,1,94,73,3,90,12,1,32,7,4,1,4,8,0,0,0,0,0,0,0,676,211,9,53,0
1981,3,4,36143.0,1,0,33,12,0,1,0,0,6,1,0,1,2,3,0,0,0,0,0,0,0,91,19,3,45,0
1971,2,4,10245.0,1,0,32,4,7,7,6,4,13,3,1,2,2,5,0,0,0,0,0,0,0,410,41,5,55,0
1968,3,5,43795.0,0,1,11,314,11,53,4,3,107,3,7,3,4,7,0,1,0,0,0,0,1,256,492,14,58,0
1960,2,5,63381.0,0,1,78,571,50,142,33,50,159,4,4,5,13,2,0,0,0,0,0,0,0,632,1005,22,66,1
1949,2,5,38823.0,0,1,56,70,0,11,2,8,23,1,2,1,3,6,0,0,0,0,0,0,0,668,114,6,77,0
1968,4,2,83664.0,1,1,57,866,21,151,28,21,86,3,2,2,12,5,0,0,0,0,0,0,0,417,1173,16,58,1
1979,2,5,90300.0,0,0,7,594,134,786,33,134,57,0,5,6,8,1,0,0,1,0,0,0,0,177,1738,19,47,1
1979,3,5,62499.0,1,0,0,140,4,61,0,13,4,2,3,1,6,4,0,0,0,0,0,0,0,202,222,10,47,0
1993,2,4,74293.0,0,0,66,375,152,335,93,91,81,1,5,4,6,2,0,0,0,0,0,0,0,56,1127,15,33,1
1946,4,3,51012.0,0,0,86,102,9,63,2,9,24,1,4,1,4,6,0,0,0,0,0,0,0,437,209,9,80,0
1968,3,3,70777.0,0,1,80,554,35,113,0,7,78,3,5,3,12,3,0,0,0,0,0,0,0,124,787,20,58,1
1991,4,5,68682.0,0,0,56,919,0,505,99,30,45,1,4,9,10,2,0,0,0,0,0,0,0,266,1598,23,35,1
1971,2,3,43824.0,1,1,18,96,1,42,12,3,32,4,3,1,4,8,0,0,0,0,0,0,0,652,186,8,55,0
1984,2,5,15345.0,1,0,51,5,2,16,3,2,19,2,1,1,2,8,0,0,0,0,0,0,1,667,47,4,42,0
1987,2,4,23442.0,1,0,71,2,0,6,8,6,5,1,1,0,3,7,0,0,0,0,0,0,0,552,27,4,39,0
1980,0,5,14515.0,1,0,71,6,4,9,6,36,35,4,2,2,3,7,0,0,0,0,0,0,1,597,96,7,46,0
1956,0,2,31395.0,1,1,80,23,1,25,0,8,7,4,2,1,3,6,0,0,0,0,0,0,0,463,64,6,70,0
1965,2,5,75276.0,0,0,2,610,105,125,137,42,21,1,9,4,9,5,0,0,0,0,0,0,0,640,1040,22,61,1
1974,2,4,42373.0,1,1,83,67,5,61,3,8,19,5,2,1,5,5,0,0,0,0,0,0,0,318,163,8,52,0
1960,2,5,30507.0,0,0,29,65,36,74,38,20,110,1,5,1,4,7,0,0,0,0,0,0,0,475,343,10,66,0
1955,4,4,55521.0,1,2,11,416,0,26,0,0,4,9,6,3,6,7,0,1,0,0,0,0,1,250,446,15,71,0
1965,2,3,48006.0,1,1,55,23,0,11,3,2,2,1,1,0,3,6,0,0,0,0,0,0,0,20,41,4,61,0
1972,4,4,27213.0,1,0,19,19,3,26,10,9,3,3,2,0,4,8,0,0,0,0,0,0,1,668,70,6,54,0
1971,4,2,65808.0,1,1,1,155,7,80,13,7,10,3,5,1,5,6,0,0,0,0,0,0,0,30,272,11,55,0
1974,4,5,30351.0,1,0,19,14,0,24,3,3,2,1,3,0,2,9,0,0,0,0,0,0,0,388,46,5,52,0
1963,2,3,50437.0,0,2,28,370,9,92,6,9,4,3,7,1,8,7,0,0,0,0,0,0,0,620,490,16,63,0
1982,0,4,23616.0,1,0,76,4,22,11,3,7,32,2,3,0,3,8,0,0,0,0,0,0,1,589,79,6,44,0
1976,2,3,53858.0,0,1,50,407,53,221,58,150,26,4,4,3,6,4,0,0,0,0,0,0,0,597,915,13,50,1
1955,4,3,66465.0,0,1,1,1200,0,204,38,29,14,3,11,9,12,6,0,0,0,1,0,0,0,456,1485,32,71,1
1987,2,4,46923.0,1,0,90,85,44,54,102,78,6,3,5,1,7,7,0,0,0,0,0,0,0,676,369,13,39,0
1962,2,5,75072.0,0,1,83,583,34,309,0,22,125,2,5,4,8,3,0,0,0,0,0,0,0,522,1073,17,64,1
1943,4,3,75865.0,0,0,73,483,0,591,156,0,12,1,3,5,10,1,0,0,0,0,0,0,0,90,1242,18,83,1
1975,0,5,19789.0,1,0,24,2,5,9,28,6,28,3,2,1,3,5,1,0,0,0,0,0,0,221,78,6,51,0
1994,2,5,80134.0,0,0,11,966,26,282,52,26,26,1,2,7,11,5,0,1,1,1,1,0,0,135,1378,20,32,1
1981,2,4,91065.0,0,0,33,822,114,108,179,137,114,1,7,9,9,3,0,0,1,1,0,0,1,492,1474,25,45,1
1971,3,3,49505.0,1,1,4,604,0,100,19,0,28,9,10,2,8,8,0,0,0,0,0,0,0,481,751,20,55,0
1973,4,3,37401.0,1,0,14,19,3,19,3,1,3,2,2,0,3,7,0,0,0,0,0,0,0,54,48,5,53,0
1983,2,3,30096.0,1,0,30,5,3,11,12,5,9,1,2,0,3,6,0,0,0,0,0,0,0,38,45,5,43,0
1982,3,5,18492.0,1,0,75,2,2,2,2,1,1,1,1,0,2,8,0,0,0,0,0,0,0,24,10,3,44,0
1974,3,3,82584.0,0,0,26,1076,68,103,29,91,68,1,3,4,8,1,0,1,1,0,0,0,1,390,1435,15,52,1
1941,4,3,93027.0,0,0,77,1285,42,716,55,0,21,0,7,10,5,2,0,0,1,0,0,0,0,442,2119,22,85,1
1953,2,3,48686.0,1,2,8,10,0,7,2,0,1,1,1,0,2,8,0,0,0,0,0,0,0,207,20,3,73,0
1986,2,3,92910.0,0,0,42,551,137,792,179,103,33,1,6,7,13,1,0,1,1,1,0,0,0,66,1795,26,40,1
1989,2,3,75433.0,1,0,28,800,0,297,0,34,57,2,2,5,10,6,0,1,0,1,0,0,0,85,1188,17,37,1
1989,0,5,10404.0,1,0,52,2,2,11,10,6,12,2,1,0,4,5,0,0,0,0,0,0,0,56,43,5,37,0
1968,2,3,61314.0,0,1,1,378,0,189,97,172,172,2,5,5,12,3,0,0,0,0,0,0,0,430,1008,22,58,1
1961,4,4,84865.0,0,0,1,1248,16,349,43,16,16,1,2,4,9,4,0,1,1,1,1,0,1,416,1688,15,65,1
1989,2,3,42387.0,1,0,42,235,0,235,19,4,191,5,8,1,7,8,0,0,0,0,0,0,0,608,684,16,37,0
1967,0,5,67309.0,1,1,76,515,47,181,149,95,95,15,9,6,9,7,0,0,0,0,0,0,0,522,1082,24,59,1
1964,2,3,75236.0,0,1,27,438,66,400,12,38,114,1,8,3,13,4,0,0,0,0,0,0,0,216,1068,24,62,1
1970,2,4,30015.0,1,0,28,25,0,22,2,3,5,2,1,0,4,5,0,0,0,0,0,0,0,147,57,5,56,0
1956,3,5,50943.0,0,1,49,31,0,7,2,0,6,1,1,0,3,5,0,0,0,0,0,0,0,373,46,4,70,0
1966,2,2,67272.0,0,1,12,357,35,271,28,28,14,3,6,2,12,5,0,0,0,0,0,0,0,190,733,20,60,1
1949,3,6,51529.0,0,1,14,400,4,35,6,0,22,2,9,1,5,8,0,0,0,0,0,0,0,295,467,15,77,0
1971,4,3,32011.0,1,0,89,99,0,15,2,1,5,3,2,1,4,7,0,0,0,0,0,0,0,311,122,7,55,0
1986,0,3,7500.0,1,0,96,1,11,5,4,6,9,2,2,0,3,8,0,0,0,0,0,0,0,507,36,5,40,0
1989,2,3,28691.0,1,0,56,5,4,13,8,0,4,1,1,0,3,8,0,0,0,0,0,0,0,360,34,4,37,0
1948,4,3,56223.0,0,1,72,77,28,31,16,0,4,2,2,1,5,4,0,0,0,0,0,0,0,191,156,8,78,0
1946,2,3,18100.0,0,0,14,3,1,2,4,3,1,1,0,0,3,5,0,0,0,0,0,0,0,327,14,3,80,0
1989,2,4,30279.0,1,0,13,10,4,14,4,4,1,1,1,0,3,8,0,0,0,0,0,0,0,546,37,4,37,0
1974,0,3,20130.0,0,0,99,0,6,3,7,6,12,1,1,0,3,8,0,0,0,0,0,0,0,104,34,4,52,0
1959,2,2,23295.0,0,0,72,0,0,1,2,12,5,1,1,0,2,8,0,0,0,0,0,0,0,351,20,3,67,0
1972,3,2,42618.0,1,0,92,76,14,74,13,5,10,2,5,0,4,8,0,0,0,0,0,0,0,263,192,9,54,0
1964,2,4,81246.0,0,0,87,398,190,537,61,156,37,1,4,5,7,1,1,0,0,1,0,0,0,182,1379,16,62,1
1976,2,3,24027.0,1,0,7,14,7,11,11,0,5,2,2,0,3,8,0,0,0,0,0,0,0,385,48,5,50,0
1953,4,3,55707.0,0,1,91,208,7,82,30,66,35,2,3,2,9,3,0,0,0,0,0,0,0,189,428,14,73,0
1955,2,4,57959.0,0,1,71,430,16,322,43,24,33,5,4,7,11,3,0,0,0,0,0,0,0,423,868,22,71,1
1969,2,3,56796.0,0,1,24,656,38,161,62,47,37,3,8,9,7,7,0,0,0,0,0,0,0,498,1001,24,57,1
1971,3,4,36230.0,1,0,17,14,2,30,8,2,3,1,2,0,4,5,0,0,0,0,0,0,0,255,59,6,55,0
1980,0,3,70829.0,1,1,87,141,70,106,72,19,23,2,4,2,8,3,0,0,0,0,0,0,0,210,431,14,46,0
1976,2,3,65991.0,0,1,21,507,19,364,25,47,9,3,9,5,10,7,0,0,0,0,0,0,0,660,971,24,50,1
1972,2,3,38988.0,1,2,90,164,24,103,12,3,42,7,5,1,6,8,0,0,0,0,0,0,0,678,348,12,54,0
1966,0,4,89572.0,0,0,44,606,24,974,197,194,64,1,7,7,9,4,0,1,0,1,0,0,1,652,2059,23,60,1
1984,3,3,42207.0,1,0,71,116,11,72,3,17,46,4,4,1,5,6,1,0,0,0,0,0,1,454,265,10,42,0
1952,2,3,50300.0,0,1,52,143,15,60,24,23,5,2,2,1,8,2,0,0,0,0,0,0,0,35,270,11,74,0
1982,0,5,66664.0,0,0,78,398,96,447,220,96,32,1,5,7,6,3,0,0,0,0,0,0,0,642,1289,18,44,1
1964,2,3,60597.0,0,1,2,522,0,257,32,16,66,4,2,2,8,7,0,0,0,1,0,0,1,179,893,12,62,1
1949,2,6,70165.0,0,0,60,161,0,253,199,191,122,1,3,7,11,1,0,0,0,0,0,0,0,280,926,21,77,1
1958,4,6,50520.0,0,1,25,112,0,6,2,1,14,2,3,1,3,6,0,0,0,0,0,0,0,152,135,7,68,0
1963,2,3,80124.0,0,0,47,483,84,398,205,84,241,1,3,7,8,1,1,0,0,0,0,0,0,3,1495,18,63,1
1975,2,3,33183.0,1,0,46,7,5,39,17,15,37,2,4,0,3,7,0,0,0,0,0,0,0,125,120,7,51,0
1969,4,4,66582.0,0,0,83,789,25,420,16,38,0,1,2,8,9,1,0,0,0,0,0,0,0,118,1288,19,57,1
1955,4,5,75261.0,0,0,17,1239,17,413,23,34,17,1,5,6,5,2,0,1,1,0,0,0,1,432,1743,16,71,1
1970,2,6,31880.0,1,0,13,4,1,5,2,0,3,1,1,0,2,8,0,0,0,0,0,0,0,606,15,3,56,0
1951,2,3,53790.0,0,2,86,335,42,127,28,5,5,3,7,2,8,6,0,0,0,0,0,0,0,115,542,17,75,0
1971,4,5,49269.0,1,0,92,639,8,166,11,8,58,3,7,3,12,7,0,0,0,0,0,0,0,683,890,22,55,1
1975,2,3,61456.0,0,1,47,563,76,384,84,192,89,4,6,10,13,4,0,0,0,0,0,0,0,459,1388,29,51,1
1980,2,3,37406.0,1,0,18,2,0,8,2,2,3,1,1,0,2,8,0,0,0,0,0,0,1,262,17,3,46,0
1981,4,5,56937.0,1,0,81,746,8,125,11,8,8,7,8,6,9,6,0,1,0,0,0,0,1,694,906,23,45,1
1978,2,3,38415.0,1,1,91,22,1,13,4,0,4,2,1,0,3,7,0,0,0,0,0,0,0,543,44,4,48,0
1988,2,4,20518.0,1,0,58,4,1,6,4,1,9,1,1,1,2,5,0,0,0,0,0,0,0,42,25,4,38,0
1956,2,3,62503.0,0,1,40,478,0,193,110,75,117,4,8,3,11,5,0,0,0,0,0,0,0,496,973,22,70,1
1972,4,4,41644.0,1,1,67,20,3,4,2,0,2,2,1,0,3,3,0,0,0,0,0,0,0,51,31,4,54,0
1977,3,3,55842.0,0,1,19,451,0,39,0,4,24,1,7,1,8,5,0,0,0,0,0,0,0,37,518,16,49,0
1972,4,3,62010.0,0,1,93,371,22,39,6,0,92,4,6,2,7,5,0,0,0,0,0,0,0,614,530,15,54,0
1977,2,3,41124.0,1,0,41,281,7,84,15,0,119,7,7,3,4,8,0,0,0,0,0,0,0,606,506,14,49,0
1973,3,3,38961.0,1,0,60,19,7,19,0,1,24,1,2,1,2,7,0,0,0,0,0,0,0,181,70,5,53,0
1972,3,2,37760.0,1,0,54,26,3,13,2,10,0,1,2,0,3,6,0,0,0,0,0,0,0,322,54,5,54,0
1974,2,4,32233.0,1,0,26,138,15,35,25,11,72,2,6,2,2,9,1,0,0,0,0,0,1,679,296,10,52,0
1975,2,3,43057.0,0,1,30,213,2,44,0,2,5,4,4,2,5,5,0,0,0,0,0,0,0,242,266,11,51,0
1960,3,5,83151.0,0,0,93,407,28,100,120,74,18,1,5,9,4,3,0,0,0,0,0,0,0,627,747,18,66,1
1964,4,2,78825.0,0,0,35,483,74,114,169,37,18,1,5,10,13,3,0,0,0,0,0,0,1,653,895,28,62,1
1976,3,5,65104.0,0,1,4,738,0,232,13,20,50,2,3,5,7,7,0,0,0,0,0,0,0,227,1053,15,50,1
1974,2,3,60093.0,0,1,92,502,12,109,16,6,90,2,7,2,10,6,0,0,0,0,0,0,0,368,735,19,52,1
1969,2,3,14045.0,1,0,24,11,0,5,2,1,1,1,1,0,3,7,0,0,0,0,0,0,0,154,20,4,57,0
1952,0,6,28457.0,0,0,96,24,1,108,29,29,14,1,4,1,4,8,0,0,0,0,0,0,0,609,205,9,74,0
1958,4,5,78952.0,0,1,11,1170,19,594,99,76,134,2,2,5,12,6,0,0,0,0,0,0,0,643,2092,19,68,1
1976,2,2,46310.0,1,0,99,185,2,88,15,5,14,2,6,1,5,8,0,0,0,0,0,0,0,573,309,12,50,0
1955,2,5,76005.0,0,0,72,983,20,389,240,50,40,1,3,5,13,6,0,0,0,1,0,0,0,492,1722,21,71,1
1964,3,4,58308.0,0,1,77,691,0,69,10,0,130,4,2,6,3,8,0,0,0,0,0,0,0,533,900,11,62,0
1944,4,2,55614.0,0,0,85,504,13,131,8,0,26,1,9,4,6,7,0,1,0,0,0,0,0,214,682,19,82,1
1962,3,2,59432.0,0,1,88,317,25,265,25,19,12,3,5,3,11,5,0,0,0,0,0,0,0,442,663,19,64,1
1978,2,2,55563.0,0,1,22,29,1,9,2,0,2,1,2,0,3,3,0,0,0,0,0,0,0,85,43,5,48,0
1971,4,5,78642.0,0,1,83,1396,0,322,46,35,17,1,4,9,4,6,0,0,0,0,0,0,0,434,1816,17,55,1
1949,4,5,67911.0,0,1,63,529,0,356,63,28,0,3,6,7,11,3,0,0,0,0,0,0,0,38,976,24,77,1
1944,2,3,65275.0,0,0,9,388,14,218,91,14,21,1,4,3,13,2,0,0,0,0,0,0,0,452,746,20,82,1
1950,2,5,27203.0,1,1,92,13,2,21,4,0,24,2,1,1,2,8,0,0,0,0,0,0,0,692,64,4,76,0
1961,3,5,48330.0,0,1,2,28,0,4,0,0,0,1,1,0,3,5,0,0,0,0,0,0,0,226,32,4,65,0
1990,1,3,24279.0,0,0,6,16,36,21,20,62,108,1,4,1,3,8,0,0,0,0,0,0,0,547,263,8,36,0
1985,4,3,64355.0,1,0,66,1047,0,140,67,38,153,2,4,3,12,8,0,0,0,0,0,0,0,674,1445,19,41,1
1956,3,5,50943.0,0,1,49,31,0,7,2,0,6,1,1,0,3,5,0,0,0,0,0,0,0,373,46,4,70,0
1953,2,6,53653.0,0,0,29,815,10,239,28,10,108,2,10,4,12,6,0,0,0,0,0,0,0,599,1210,26,73,1
1976,2,3,65665.0,0,1,77,225,162,387,106,36,29,1,5,10,8,3,0,0,0,0,0,0,0,209,945,23,50,1
1989,2,4,81217.0,0,0,77,493,70,324,146,40,84,1,3,7,11,1,0,0,0,0,0,0,0,345,1157,21,37,1
1992,2,3,34935.0,0,0,71,34,4,66,3,10,20,1,2,1,4,7,0,0,0,0,0,0,0,373,137,7,34,0
1959,2,2,61250.0,0,1,49,382,138,65,60,26,59,6,5,2,12,5,0,0,0,0,0,0,0,560,730,19,67,1
1981,4,5,39665.0,1,0,97,127,1,56,0,1,31,3,4,2,3,7,1,0,0,0,0,0,0,400,216,9,45,0
1979,2,4,60152.0,0,1,6,325,83,300,86,58,91,1,6,4,12,3,0,0,0,0,0,0,0,458,943,22,47,1
1964,2,3,48920.0,0,2,93,238,17,68,8,10,6,3,6,2,5,7,0,1,0,0,0,0,0,252,347,13,62,0
1959,3,5,89120.0,0,0,78,1168,92,408,72,129,55,1,5,6,7,1,0,0,1,0,0,0,0,104,1924,18,67,1
1946,4,5,44124.0,0,1,62,284,0,55,0,6,52,4,6,2,5,8,0,0,0,0,0,0,0,414,397,13,80,0
1975,3,4,81169.0,0,0,47,1288,20,613,80,61,27,1,5,7,9,2,0,0,0,0,0,0,0,441,2089,21,51,1
1961,2,3,36443.0,1,1,9,65,0,46,4,3,20,4,3,1,3,8,0,0,0,0,0,0,0,511,138,7,65,0
1990,2,4,26095.0,1,0,77,11,7,9,3,1,11,1,1,0,3,7,0,0,0,0,0,0,0,364,42,4,36,0
1959,2,5,71367.0,0,0,24,227,23,389,42,21,75,1,4,5,7,2,0,0,0,0,0,0,0,310,777,16,67,1
1944,3,3,80184.0,0,0,19,1035,134,670,25,38,0,1,6,3,10,3,0,0,1,1,0,0,0,120,1902,19,82,1
1965,2,2,30630.0,1,1,67,27,1,12,2,0,10,2,2,0,3,7,0,0,0,0,0,0,0,153,52,5,61,0
1987,3,4,73454.0,0,0,95,982,73,351,56,14,175,1,2,4,6,5,1,0,0,0,0,0,0,120,1651,12,39,1
1991,2,3,42691.0,0,0,48,179,2,64,38,17,58,1,5,1,6,5,0,0,0,0,0,0,0,317,358,12,35,0
1953,2,3,70503.0,0,0,73,1379,33,216,0,33,66,1,2,4,9,6,0,1,1,0,0,0,0,637,1727,15,73,1
1987,2,3,25545.0,1,0,35,32,1,64,16,12,85,3,2,2,3,6,0,0,0,0,0,0,1,659,210,7,39,0
1986,2,3,32880.0,1,0,76,8,4,15,7,6,2,1,1,0,3,8,0,0,0,0,0,0,0,572,42,4,40,0
1958,4,5,77863.0,0,0,20,881,38,319,16,25,12,1,4,5,10,2,0,0,0,0,0,0,0,214,1291,19,68,1
1977,3,3,50353.0,0,0,72,141,15,153,67,31,35,1,4,4,6,3,0,0,0,0,0,0,0,21,442,14,49,0
1964,2,4,61839.0,0,0,20,1000,155,379,224,17,120,1,4,8,4,8,0,0,0,0,0,0,0,686,1895,16,62,1
1960,4,3,49154.0,1,1,69,206,10,67,30,27,71,6,4,1,8,6,0,0,0,0,0,0,0,238,411,13,66,0
1975,0,6,47682.0,0,1,80,162,61,83,97,57,61,4,4,3,8,5,0,0,0,0,0,0,0,499,521,15,51,1
1969,2,4,72679.0,0,1,65,619,54,260,127,54,54,1,4,7,5,1,0,0,0,0,0,0,0,284,1168,16,57,1
1977,3,5,57954.0,1,1,52,456,4,24,0,0,9,7,8,2,6,7,0,1,0,0,0,0,0,11,493,16,49,0
1962,2,3,65316.0,1,1,65,112,6,92,3,9,38,2,3,2,5,4,0,0,0,0,0,0,0,431,260,10,64,0
1982,2,4,28567.0,1,0,57,11,3,22,2,2,6,2,2,0,3,6,0,0,0,0,0,0,0,377,46,5,44,0
1951,3,5,47352.0,0,1,70,172,12,112,8,0,15,4,6,1,5,7,0,0,0,0,0,0,0,444,319,12,75,0
1967,2,5,44931.0,0,1,0,78,0,11,0,0,7,1,2,1,3,5,0,0,0,0,0,0,0,162,96,6,59,0
1967,2,2,76982.0,0,0,19,464,151,292,65,60,30,1,8,3,4,4,0,0,1,0,0,0,1,134,1062,15,59,1
1952,0,5,57247.0,0,1,50,99,4,32,37,54,6,2,2,1,7,2,0,0,0,0,0,0,0,325,232,10,74,0
1981,3,4,22944.0,1,0,67,19,3,19,4,5,26,3,3,0,3,7,0,0,0,0,0,0,0,188,76,6,45,0
1977,0,5,25315.0,1,0,46,1,9,8,11,3,22,3,3,0,3,8,0,0,0,0,0,0,0,234,54,6,49,0
1969,2,6,43638.0,0,1,37,63,10,83,7,19,19,2,4,1,4,7,0,0,0,0,0,0,0,692,201,9,57,0
1984,4,4,42710.0,1,0,38,252,3,42,4,3,102,2,4,5,3,6,0,0,0,0,0,0,0,578,406,12,42,0
1982,4,3,84169.0,0,0,9,1478,19,403,0,19,0,1,7,6,6,3,0,1,1,0,0,0,1,326,1919,19,44,1
1976,2,5,54058.0,0,1,56,198,18,252,32,108,54,2,4,6,8,3,0,0,0,0,0,0,0,390,662,18,50,1
1990,0,3,24683.0,1,0,98,8,4,10,6,7,6,2,2,0,4,5,0,0,0,0,0,0,0,113,41,6,36,0
1964,2,6,85620.0,0,0,68,416,46,925,60,107,46,1,3,6,4,1,0,0,0,0,0,0,1,173,1600,13,62,1
1980,2,3,47850.0,1,0,72,42,7,43,20,12,10,1,3,0,4,6,0,0,0,0,0,0,0,208,134,7,46,0
1968,2,3,19514.0,1,1,47,14,3,21,2,1,28,4,3,1,2,8,1,0,0,0,0,0,1,154,69,6,58,0
1973,3,3,27159.0,1,1,33,17,0,3,0,0,1,2,1,0,3,6,0,0,0,0,0,0,0,92,21,4,53,0
1963,0,4,39548.0,1,1,87,15,4,10,3,4,18,2,1,1,3,3,0,0,0,0,0,0,0,90,54,5,63,0
1989,2,4,21474.0,1,0,0,6,16,24,11,0,34,2,3,1,2,7,1,0,0,0,0,0,1,82,91,6,37,0
1971,4,4,60504.0,0,1,73,458,0,24,6,4,34,2,6,2,8,6,0,0,0,0,0,0,0,142,526,16,55,0
1963,2,3,22419.0,0,0,74,30,3,47,19,21,42,1,3,2,2,8,0,0,0,0,0,0,0,437,162,7,63,0
1949,3,3,81698.0,0,0,4,179,28,520,111,123,47,1,3,8,13,1,0,0,0,0,0,0,1,235,1008,24,77,1
1952,2,5,43462.0,1,1,50,90,17,97,15,6,15,6,4,1,5,8,0,0,0,0,0,0,0,655,240,10,74,0
1978,4,4,54880.0,1,0,57,308,85,137,102,45,118,2,6,2,11,5,0,0,0,0,0,0,0,485,795,19,48,1
1982,2,3,79908.0,0,0,30,557,129,761,29,185,111,1,5,6,7,2,0,0,1,0,0,0,0,450,1772,18,44,1
1970,0,3,15315.0,0,0,27,7,4,13,15,8,17,2,2,0,4,5,0,0,0,0,0,0,0,330,64,6,56,0
1959,2,5,87771.0,0,1,61,1492,38,287,50,57,33,1,5,10,4,6,0,1,1,1,1,0,1,403,1957,19,67,1
1978,2,3,33039.0,1,0,4,30,8,12,8,8,12,1,2,0,4,5,0,0,0,0,0,0,0,293,78,6,48,0
1980,2,4,81741.0,0,0,75,249,153,940,58,134,38,0,6,6,7,2,0,0,0,0,0,0,0,378,1572,19,46,1
1971,3,5,71499.0,0,1,12,465,25,132,136,0,37,2,8,3,13,4,0,0,0,0,0,0,0,369,795,24,55,1
1970,0,3,62466.0,0,1,13,129,129,259,168,121,83,5,6,3,12,4,0,0,0,0,0,0,0,165,889,21,56,1
1963,4,2,48799.0,0,1,9,174,18,81,28,6,24,3,3,2,7,3,0,0,0,0,0,0,0,236,331,12,63,0
1950,4,5,52157.0,0,1,48,189,2,29,3,2,40,2,3,2,5,4,0,0,0,0,0,0,0,22,265,10,76,0
1962,2,4,66565.0,0,1,80,747,10,161,65,40,42,4,4,2,9,8,0,0,0,0,0,0,0,571,1065,15,64,1
1951,3,5,29298.0,1,1,60,6,0,2,2,0,1,1,1,0,2,5,0,0,0,0,0,0,0,295,11,3,75,0
1979,2,4,47691.0,0,1,43,14,0,3,0,0,4,1,1,0,2,6,0,0,0,0,0,0,0,359,21,3,47,0
1970,2,5,38200.0,1,1,19,12,0,4,0,0,1,1,1,0,2,7,0,0,0,0,0,0,0,569,17,3,56,0
1974,2,3,44989.0,0,1,26,98,0,106,49,10,106,5,5,1,5,6,0,0,0,0,0,0,0,655,369,11,52,0
1968,4,3,38443.0,1,1,58,32,0,5,0,0,1,2,1,0,3,7,0,0,0,0,0,0,0,153,38,4,58,0
1978,0,4,38593.0,1,0,42,51,12,49,17,24,24,3,4,1,3,8,0,0,0,0,0,0,0,289,177,8,48,0
1970,4,5,64413.0,0,1,27,200,5,44,0,10,20,1,5,1,5,5,0,0,0,0,0,0,0,332,279,11,56,0
1981,3,3,36959.0,1,0,56,25,6,25,6,0,0,2,2,0,3,8,0,0,0,0,0,0,0,270,62,5,45,0
1977,4,3,61996.0,0,1,27,1050,12,144,0,0,24,3,6,4,8,5,0,1,0,1,1,0,1,514,1230,18,49,1
1968,2,3,51287.0,1,1,10,117,0,22,13,0,30,3,4,1,3,7,0,0,0,0,0,0,0,89,182,8,58,0
1970,2,3,13260.0,1,1,48,9,4,17,10,2,7,4,3,0,3,8,0,0,0,0,0,0,0,310,49,6,56,0
1966,4,5,47472.0,1,1,39,56,0,11,0,0,8,2,2,0,4,5,0,0,0,0,0,0,0,286,75,6,60,0
1956,3,5,54603.0,1,1,85,145,13,46,17,2,4,6,4,2,4,7,0,0,0,0,0,0,0,355,227,10,70,0
1974,4,3,45207.0,1,1,64,203,0,10,0,0,2,5,3,1,6,6,0,1,0,0,0,0,0,596,215,10,52,0
1951,2,5,40689.0,0,1,69,270,3,27,39,6,99,7,7,1,5,8,0,0,0,0,0,0,0,468,444,13,75,0
1967,0,5,47821.0,1,1,54,9,0,16,6,6,10,1,1,0,3,8,0,0,0,0,0,0,0,252,47,4,59,0
1951,3,3,27450.0,0,0,57,37,12,23,8,11,52,1,2,1,3,7,0,0,0,0,0,0,0,440,143,6,75,0
1983,2,5,39453.0,1,0,64,46,0,7,0,0,2,2,2,0,3,6,0,0,0,0,0,0,0,87,55,5,43,0
1971,0,5,26850.0,1,1,10,31,1,13,7,2,9,4,2,1,4,4,0,0,0,0,0,0,0,72,63,7,55,0
1955,2,6,79800.0,0,0,65,1060,21,530,32,0,224,1,5,11,5,3,1,0,1,1,0,0,1,644,1867,21,71,1
1961,3,3,61794.0,0,1,74,264,47,188,54,47,11,2,4,4,10,2,0,0,0,0,0,0,0,288,611,18,65,1
1955,2,5,53863.0,0,1,4,399,4,30,6,4,30,3,7,1,7,7,0,1,0,0,0,0,0,43,473,15,71,0
1959,2,5,24221.0,0,0,94,8,9,9,2,5,22,1,1,1,3,4,0,0,0,0,0,0,0,313,55,5,67,0
1984,4,4,39684.0,1,0,41,19,0,35,6,4,17,2,2,1,2,7,0,0,0,0,0,1,1,625,81,5,42,0
1975,3,3,92163.0,0,0,25,817,183,797,106,163,20,0,5,11,5,2,0,0,1,1,0,0,1,564,2086,21,51,1
1965,3,4,69882.0,0,0,94,292,127,635,132,127,165,1,3,7,9,1,0,0,0,0,0,0,0,231,1478,19,61,1
1977,2,5,33178.0,1,0,9,12,6,2,11,2,16,1,1,0,3,4,0,0,0,0,0,0,0,150,49,4,49,0
1972,4,3,59973.0,0,0,47,130,30,168,20,34,0,1,3,4,7,1,0,0,0,0,0,0,0,291,382,14,54,0
1975,3,5,17459.0,1,0,12,6,4,16,3,10,30,3,3,1,2,7,0,0,0,0,0,0,1,283,69,6,51,0
1969,2,2,23910.0,1,0,80,16,12,18,7,1,13,1,2,0,3,7,0,0,0,0,0,0,0,611,67,5,57,0
1969,3,3,42169.0,1,1,20,19,0,9,0,0,2,2,1,0,3,8,0,0,0,0,0,0,0,253,30,4,57,0
1978,0,3,26224.0,1,0,39,4,7,15,13,9,15,3,2,1,3,6,0,0,0,0,0,0,0,390,63,6,48,0
1981,2,5,31089.0,1,0,57,31,3,31,2,8,4,3,3,0,4,8,0,0,0,0,0,0,0,681,79,7,45,0
1961,2,4,30081.0,0,1,27,36,0,2,0,0,4,1,1,0,3,7,0,0,0,0,0,0,0,493,42,4,65,0
1960,2,5,62807.0,0,1,83,526,28,135,10,21,99,3,5,3,12,5,0,0,0,0,0,0,0,667,819,20,66,1
1955,2,4,72906.0,0,0,79,400,32,519,71,75,54,1,3,4,9,1,0,0,0,0,0,0,0,285,1151,16,71,1
1948,4,3,61467.0,0,2,69,410,16,114,0,5,49,3,5,2,10,5,0,0,0,0,0,0,0,567,594,17,78,1
1966,3,5,49618.0,1,1,77,80,3,26,4,2,14,4,3,1,3,7,0,0,0,0,0,0,0,519,129,7,60,0
1986,3,4,21888.0,1,0,15,88,10,46,2,3,64,4,5,1,2,10,0,0,0,0,0,0,1,547,213,8,40,0
1973,2,6,42429.0,0,1,99,55,0,6,2,0,4,2,1,1,3,5,0,0,0,0,0,0,0,138,67,5,53,0
1956,2,2,26150.0,2,1,61,5,1,13,3,5,1,1,1,0,3,7,0,0,0,0,0,0,0,475,28,4,70,0
1975,1,3,30801.0,0,1,23,8,4,5,15,2,11,2,1,0,3,7,0,0,0,0,0,0,0,611,45,4,51,0
1965,2,3,81168.0,0,0,84,410,0,592,147,22,22,1,6,4,7,3,0,0,0,1,0,0,0,53,1193,17,61,1
1969,3,4,26877.0,0,0,74,101,13,76,20,18,40,2,3,1,6,6,0,0,0,0,0,0,0,314,268,10,57,0
1944,3,6,45006.0,0,0,90,162,25,53,16,0,10,1,3,1,7,3,0,0,0,0,0,0,0,346,266,11,82,0
1973,1,3,18978.0,1,0,41,2,8,1,4,7,15,1,1,0,3,8,0,0,0,0,0,0,0,565,37,4,53,0
1967,2,3,22574.0,2,1,28,25,0,8,2,0,2,2,2,0,3,7,0,0,0,0,0,0,0,244,37,5,59,0
1969,4,4,48240.0,0,0,73,389,91,248,64,49,41,3,6,3,13,5,0,0,0,0,0,0,1,597,882,22,57,1
1974,2,3,45837.0,1,1,88,215,13,87,17,17,24,5,6,2,5,7,0,0,0,0,0,0,0,338,373,13,52,0
1965,3,4,35791.0,2,1,94,27,0,5,0,0,3,2,1,0,3,8,0,0,0,0,0,0,0,419,35,4,61,0
1976,4,5,162397.0,1,1,31,85,1,16,2,1,2,0,0,0,1,1,0,0,0,0,0,0,0,391,107,1,50,0
1978,2,6,54162.0,1,1,31,5,6,10,6,5,10,1,1,0,3,4,0,0,0,0,0,0,0,468,42,4,48,0
1960,3,3,30522.0,0,1,6,179,8,83,19,11,26,5,1,2,9,2,0,0,0,0,0,0,0,681,326,12,66,0
1961,4,3,54456.0,0,1,23,352,0,27,10,0,15,3,6,1,7,6,0,0,0,0,0,0,0,353,404,14,65,0
1971,2,4,31632.0,0,0,92,17,8,12,11,15,32,1,2,1,2,7,0,0,0,0,0,0,0,350,95,5,55,0
1949,2,6,72298.0,0,0,52,625,35,169,58,17,35,1,4,3,6,1,0,1,1,0,0,0,0,111,939,13,77,1
1978,0,4,36975.0,1,0,50,10,6,11,0,4,2,1,1,0,3,7,0,0,0,0,0,0,0,183,33,4,48,0
1955,0,3,72635.0,0,0,54,390,22,323,104,35,107,1,6,8,6,3,0,0,0,1,0,0,0,391,981,20,71,1
1976,2,3,13624.0,1,0,93,10,2,15,2,1,6,2,2,0,3,6,0,0,0,0,0,0,0,525,36,5,50,0
1975,2,4,84196.0,0,1,56,215,63,507,231,31,190,1,8,4,7,3,0,0,0,0,0,0,0,391,1237,19,51,1
1960,2,5,70971.0,0,1,28,1001,17,572,93,125,17,7,11,11,5,7,0,0,0,0,0,0,1,646,1825,27,66,1
1977,4,2,34487.0,1,1,94,19,18,33,24,1,8,3,3,0,3,9,0,0,0,0,0,0,0,661,103,6,49,0
1977,2,4,28769.0,1,0,76,41,5,129,10,3,3,3,4,1,4,9,0,0,0,0,0,0,0,558,191,9,49,0
1970,4,3,69084.0,1,0,43,1181,107,199,39,30,30,2,7,3,13,8,0,0,0,0,0,0,0,222,1586,23,56,1
1958,4,5,65488.0,0,0,46,603,45,207,36,18,54,1,3,4,6,1,0,0,0,0,0,0,0,16,963,13,68,1
1970,0,3,62466.0,0,1,13,129,129,259,168,121,83,5,6,3,12,4,0,0,0,0,0,0,0,165,889,21,56,1
1960,0,4,32218.0,0,0,27,10,24,15,13,1,30,1,2,1,3,7,1,0,0,0,0,0,1,134,93,6,66,0
1973,2,4,83917.0,0,0,12,514,22,732,42,198,79,1,6,7,7,3,0,0,0,0,0,0,1,437,1587,20,53,1
1962,2,2,46102.0,2,1,3,14,0,1,0,0,1,1,1,0,2,7,0,0,0,0,0,0,0,111,16,3,64,0
1952,2,4,84574.0,0,0,72,387,20,713,38,54,163,1,9,11,11,5,0,0,0,0,0,0,0,390,1375,31,74,1
1962,2,3,56181.0,0,1,6,121,103,69,8,44,48,1,4,2,7,4,0,0,0,0,0,0,0,537,393,13,64,0
1950,3,2,63120.0,0,1,53,965,69,279,54,41,69,5,8,4,9,7,0,0,0,0,0,0,1,639,1477,21,76,1
1971,2,3,73691.0,0,1,58,707,21,250,85,43,73,2,6,2,8,2,1,0,0,0,0,0,0,235,1179,16,55,1
1960,2,5,63381.0,0,1,78,571,50,142,33,50,159,4,4,5,13,2,0,0,0,0,0,0,0,632,1005,22,66,1
1948,4,5,76140.0,0,0,57,586,66,653,17,0,26,1,5,9,6,2,0,0,0,0,0,0,0,47,1348,20,78,1
1959,4,2,62859.0,0,1,37,1063,89,102,16,12,25,4,9,4,6,6,0,0,0,0,0,0,0,546,1307,19,67,1
1964,2,4,45906.0,0,1,20,305,3,27,4,3,144,2,5,4,4,5,1,0,0,0,0,0,0,418,486,13,62,0
1947,3,5,77632.0,0,0,73,1200,105,758,0,42,147,1,4,2,6,2,0,1,1,0,0,0,1,476,2252,12,79,1
1971,4,3,46463.0,1,1,56,163,2,40,8,11,11,7,3,1,6,6,0,0,0,0,0,0,0,315,235,10,55,0
1970,2,5,105471.0,0,0,36,1009,181,104,202,21,207,0,9,8,13,3,0,0,1,1,0,0,1,524,1724,30,56,1
1970,3,2,55282.0,1,0,9,125,6,73,8,4,19,1,3,1,6,4,0,0,0,0,0,0,0,198,235,10,56,0
1977,3,3,78710.0,0,1,42,721,0,152,119,50,50,3,7,6,12,4,0,0,0,0,0,0,0,37,1092,25,49,1
1958,2,5,66886.0,0,1,28,315,4,62,41,31,146,2,7,1,7,5,0,0,0,0,0,0,0,286,599,15,68,1
1960,3,4,98777.0,0,0,23,1000,19,711,125,115,38,0,4,6,9,1,0,1,0,0,0,0,0,132,2008,19,66,1
1985,2,5,29103.0,1,0,38,16,0,17,6,3,6,2,1,0,3,9,0,0,0,0,0,0,0,671,48,4,41,0
1974,2,3,67445.0,0,1,63,757,80,217,29,80,11,5,9,6,12,6,0,0,0,0,0,0,0,686,1174,27,52,1
1950,4,5,50616.0,0,1,71,30,2,25,0,1,9,1,1,1,4,2,0,0,0,0,0,0,0,77,67,6,76,0
1955,2,2,49431.0,0,1,9,219,3,100,26,0,17,2,7,1,5,8,0,0,0,0,0,0,0,695,365,13,71,0
1975,2,2,153924.0,0,0,81,1,1,1,1,1,1,0,0,0,0,0,0,0,0,0,0,0,0,142,6,0,51,0
1953,2,5,61278.0,0,1,87,111,3,28,2,6,15,2,3,1,4,6,0,0,0,0,0,0,0,176,165,8,73,0
1958,0,5,26490.0,0,0,92,45,47,52,21,20,25,2,3,1,5,6,0,0,0,0,0,0,0,645,210,9,68,0
1947,4,5,73059.0,0,1,36,410,112,420,0,82,71,1,9,3,13,4,0,0,0,0,0,0,0,302,1095,25,79,1
1966,4,4,46734.0,1,2,86,100,1,39,6,1,76,4,3,2,3,6,1,0,0,0,0,0,0,251,223,8,60,0
1963,2,5,56253.0,0,1,83,509,0,65,7,11,5,4,7,2,9,6,0,0,0,0,0,0,0,569,597,18,63,0
1985,2,3,19986.0,1,0,74,3,6,5,0,2,6,1,0,0,3,7,0,0,0,0,0,0,0,227,22,3,41,0
1975,2,6,58330.0,0,1,87,445,53,213,104,98,151,1,6,4,13,4,0,0,0,0,0,0,0,186,1064,23,51,1
1980,1,3,25965.0,0,0,29,2,2,11,41,7,11,1,2,0,3,8,0,0,0,0,0,0,0,660,74,5,46,0
1956,3,5,14661.0,0,0,88,4,1,11,6,2,2,1,1,0,3,6,0,0,0,0,0,0,0,544,26,4,70,0
1959,2,3,18690.0,0,0,77,6,1,7,23,4,19,1,1,1,2,8,0,0,0,0,0,0,0,548,60,4,67,0
1974,4,5,45068.0,0,1,25,14,0,3,0,0,3,1,1,0,2,7,0,0,0,0,0,0,0,409,20,3,52,0
1987,1,4,21063.0,1,0,34,1,10,11,19,3,15,2,2,0,3,6,0,0,0,0,0,0,0,277,59,5,39,0
1968,4,3,29187.0,1,0,43,26,0,6,0,0,2,1,1,0,3,8,0,0,0,0,0,0,0,416,34,4,58,0
1971,0,3,54690.0,1,1,76,111,16,37,7,9,18,3,3,1,5,3,0,0,0,0,0,0,0,234,198,9,55,0
1964,4,3,59304.0,0,1,81,418,61,428,80,51,10,3,7,8,10,5,0,0,0,0,0,0,0,335,1048,25,62,1
1962,3,4,59247.0,0,2,87,327,9,122,19,14,83,5,5,2,9,6,0,0,0,0,0,0,0,233,574,16,64,0
1970,2,6,66731.0,0,1,33,371,159,194,58,106,141,4,4,3,6,3,0,0,0,0,0,0,0,655,1029,13,56,1
1980,2,3,77353.0,0,1,38,275,59,107,69,101,59,2,6,4,8,4,0,0,0,0,0,0,0,195,670,18,46,1
1975,4,4,52614.0,0,1,63,789,0,142,12,9,38,2,2,4,8,8,0,0,0,0,0,0,0,575,990,14,51,0
1974,2,3,26751.0,2,0,26,1,1,5,0,3,1,1,1,0,2,8,0,0,0,0,0,0,0,38,11,3,52,0
1963,4,3,81300.0,0,1,17,1004,12,145,32,12,36,3,10,3,5,5,0,0,0,1,0,0,1,607,1241,18,63,1
1979,2,4,70337.0,0,0,75,187,81,149,25,43,91,1,2,2,12,1,0,0,0,0,0,0,0,178,576,16,47,1
1985,0,3,36145.0,1,0,13,56,4,76,17,1,18,4,4,1,3,9,1,0,0,0,0,0,1,378,172,8,41,0
1980,4,4,65295.0,0,0,19,365,32,117,34,110,6,1,3,3,13,2,0,0,0,0,0,0,0,188,664,19,46,1
1963,2,2,68118.0,0,1,51,595,23,123,10,23,154,2,8,9,4,6,0,0,0,0,0,0,0,254,928,21,63,1
1967,2,2,68743.0,0,0,81,1132,134,384,175,134,115,1,11,5,13,7,0,0,0,0,0,0,0,668,2074,29,59,1
1982,0,5,41039.0,0,0,32,34,11,137,179,61,45,1,8,1,5,8,0,0,0,0,0,0,0,339,467,14,44,0
1955,2,5,38946.0,0,1,84,116,6,82,6,6,41,2,3,1,6,5,0,0,0,0,0,0,0,248,257,10,71,0
1967,2,5,65777.0,0,0,87,565,32,435,28,32,54,1,2,8,6,1,0,0,0,0,0,0,0,192,1146,16,59,1
1976,4,2,66476.0,0,1,99,372,18,126,47,48,78,2,5,2,11,4,0,0,0,0,0,0,0,479,689,18,50,1
1972,4,4,86857.0,0,0,96,899,102,838,133,102,40,1,5,6,10,2,0,0,0,0,0,0,1,655,2114,21,54,1
1982,4,3,160803.0,0,0,21,55,16,1622,17,3,4,15,0,28,1,0,0,0,0,0,0,0,0,694,1717,29,44,1
1989,4,5,77845.0,0,0,40,760,40,480,0,40,26,1,3,5,12,1,0,0,1,1,0,0,0,44,1346,20,37,1
1969,4,5,69476.0,0,0,3,260,86,559,63,9,67,1,4,6,4,2,0,0,0,0,0,0,0,272,1044,14,57,1
1960,4,2,50611.0,0,1,98,459,0,24,6,0,4,6,4,5,7,6,0,1,0,0,0,0,1,633,493,16,66,1
1970,2,4,61209.0,0,0,73,466,0,224,119,49,99,1,5,3,4,2,0,0,0,0,0,0,0,308,957,12,56,1
1958,3,5,42315.0,0,1,90,67,15,80,17,11,80,3,1,4,4,3,0,0,0,0,0,0,0,352,270,9,68,0
1952,1,5,13084.0,0,0,29,2,0,7,3,7,10,1,1,0,3,6,0,0,0,0,0,0,0,239,29,4,74,0
1949,3,6,47570.0,1,1,3,67,1,20,0,2,31,3,2,2,2,7,0,0,0,0,0,0,1,396,121,6,77,0
1961,3,3,61923.0,0,2,94,92,4,18,3,3,6,1,2,1,4,3,0,0,0,0,0,0,0,338,126,7,65,0
1995,2,4,34824.0,0,0,65,4,2,11,2,0,4,1,1,0,2,6,0,0,0,0,0,0,0,95,23,3,31,0
1949,4,4,26518.0,1,1,33,20,1,28,3,3,2,3,2,0,3,8,0,0,0,0,0,0,1,447,57,5,77,0
1961,2,4,45938.0,0,0,46,273,11,178,62,83,29,2,8,4,6,6,0,0,0,0,0,0,0,238,636,18,65,1
1960,2,5,78468.0,0,0,29,434,22,388,104,22,34,1,10,7,10,4,0,0,0,1,0,0,0,81,1004,27,66,1
1973,2,2,78901.0,0,1,99,321,11,309,33,26,34,3,9,3,5,4,0,0,0,0,0,0,0,285,734,17,53,1
1978,2,3,71427.0,2,0,26,212,123,177,15,64,23,2,8,2,8,4,0,0,0,0,0,0,0,109,614,18,48,1
1978,2,2,71022.0,0,1,30,909,12,278,0,12,242,3,5,2,11,8,1,0,0,0,0,0,0,138,1453,18,48,1
1988,3,4,90247.0,0,0,27,1184,32,352,21,16,16,1,3,4,7,1,0,1,1,1,0,0,1,61,1621,14,38,1
1968,3,2,41335.0,1,0,24,112,19,21,16,14,5,3,4,1,4,7,0,0,0,0,0,0,0,185,187,9,58,0
1986,2,3,71952.0,1,0,93,656,80,455,52,107,93,2,8,4,8,4,1,0,1,0,0,0,0,535,1443,20,40,1
1970,4,2,35682.0,1,0,34,23,0,8,6,2,18,1,1,1,3,2,0,0,0,0,0,0,0,2,57,5,56,0
1951,2,2,43185.0,0,1,88,537,6,42,16,6,30,2,9,3,6,8,0,0,0,0,0,0,0,445,637,18,75,0
1948,4,5,66375.0,0,1,96,712,0,45,0,0,191,3,2,4,5,7,1,0,0,0,0,0,0,220,948,11,78,1
1971,3,3,35178.0,1,0,10,23,1,13,2,2,18,1,1,1,2,7,1,0,0,0,0,0,1,535,59,4,55,0
1986,2,3,25252.0,1,0,26,1,3,4,2,2,6,1,1,0,2,8,0,0,0,0,0,0,0,352,18,3,40,0
1965,3,4,55250.0,0,1,49,664,58,83,32,0,66,4,7,5,10,5,0,0,0,0,0,0,0,616,903,22,61,1
1975,2,4,33249.0,1,0,11,6,10,21,19,14,42,2,2,1,3,6,0,0,0,0,0,0,0,494,112,6,51,0
1953,2,5,58398.0,0,0,44,299,5,201,21,21,49,3,5,4,8,4,0,0,0,0,0,0,0,411,596,17,73,1
1982,2,5,50272.0,1,0,75,99,13,66,43,8,4,3,4,1,5,7,0,0,0,0,0,0,0,326,233,10,44,0
1975,4,3,76618.0,0,0,64,749,40,294,121,160,147,1,3,2,5,1,0,0,0,0,0,0,0,569,1511,10,51,1
1960,0,2,87305.0,0,0,19,345,25,501,63,138,80,1,5,3,8,2,0,0,1,0,0,0,1,644,1152,16,66,1
1978,2,5,25851.0,1,0,45,9,4,18,7,5,5,2,2,0,3,7,0,0,0,0,0,0,0,503,48,5,48,0
1970,2,2,58710.0,0,1,77,440,81,368,0,122,174,6,11,5,9,6,0,0,0,0,0,0,0,455,1185,25,56,1
1958,2,4,45160.0,1,1,9,8,2,5,3,0,3,1,1,0,2,7,0,0,0,0,0,0,0,92,21,3,68,0
1965,3,3,74806.0,0,1,1,670,9,249,0,28,9,2,5,4,5,4,0,0,0,0,0,0,0,557,965,14,61,1
1954,2,3,59111.0,0,0,90,524,0,134,28,28,155,1,11,1,8,7,0,0,0,0,0,0,0,423,869,20,72,1
1984,4,3,18988.0,1,0,43,6,0,6,2,1,1,2,1,0,3,7,0,0,0,0,0,0,0,37,16,4,42,0
1965,2,3,72190.0,0,0,79,597,166,597,172,166,249,1,5,6,4,3,0,0,0,0,0,0,0,501,1947,15,61,1
1976,2,3,7500.0,1,0,19,7,0,12,13,7,32,5,4,1,2,9,1,0,0,0,0,0,1,697,71,7,50,0
1966,2,3,44794.0,0,1,99,54,0,7,0,0,4,1,2,0,3,6,0,0,0,0,0,0,0,21,65,5,60,0
1955,2,3,80395.0,0,0,62,445,25,706,80,76,48,1,6,5,12,2,0,0,0,1,0,0,0,218,1380,23,71,1
1976,3,2,75012.0,0,0,41,294,142,218,164,58,151,1,3,8,11,1,0,0,0,0,0,0,0,155,1027,22,50,1
1965,3,3,56962.0,2,1,60,292,3,77,10,3,26,7,6,3,5,7,0,0,0,0,0,0,0,261,411,14,61,0
1991,2,5,89891.0,0,0,17,412,22,132,59,28,183,1,11,6,8,4,0,0,1,0,0,0,0,440,836,25,35,1
1949,4,2,35946.0,1,1,24,8,0,3,0,0,0,1,0,0,3,5,0,0,0,0,0,0,0,275,11,3,77,0
1953,4,5,53593.0,1,1,60,349,4,78,6,0,43,8,7,2,6,8,0,0,0,0,0,0,0,691,480,15,73,0
1978,2,3,66373.0,1,1,57,328,9,124,12,24,109,7,4,2,10,3,0,0,0,0,0,0,0,382,606,16,48,0
1948,4,2,45072.0,1,2,74,144,2,99,7,2,30,5,6,1,4,8,0,0,0,0,0,0,0,256,284,11,78,0
1973,2,2,89694.0,1,1,22,1126,28,211,37,28,42,3,4,3,4,5,0,1,1,1,0,0,0,263,1472,11,53,1
1949,2,3,72025.0,0,0,46,967,0,617,43,50,0,1,4,8,13,2,0,1,1,1,0,0,1,61,1677,25,77,1
1973,2,3,67432.0,0,1,69,432,79,341,177,136,170,2,8,5,4,4,0,0,0,0,0,0,0,457,1335,17,53,1
1952,3,5,70545.0,0,1,29,138,39,63,55,18,21,1,4,1,7,2,0,0,0,0,0,0,0,26,334,12,74,0
1989,1,3,17487.0,1,0,37,0,0,1,7,4,6,1,1,0,2,7,0,0,0,0,0,0,0,468,18,3,37,0
1969,2,5,62882.0,0,1,26,509,133,497,78,24,97,2,7,5,6,4,0,0,0,0,0,0,0,689,1338,18,57,1
1953,4,4,64108.0,0,1,8,948,10,86,13,21,21,4,6,9,11,5,0,0,0,0,0,0,0,463,1099,26,73,1
1956,3,5,34941.0,1,1,26,39,2,25,4,3,24,2,3,0,3,8,0,0,0,0,0,0,0,480,97,6,70,0
1950,4,4,48767.0,1,2,79,28,1,21,3,0,10,3,2,1,3,5,0,0,0,0,0,0,0,179,63,6,76,0
1978,0,5,38702.0,1,0,71,13,11,24,13,8,40,2,3,0,4,6,0,0,0,0,0,0,0,332,109,7,48,0
1964,2,3,82224.0,0,0,83,307,26,360,138,31,40,1,6,9,5,3,0,0,0,1,0,0,0,155,902,20,62,1
1952,2,5,83844.0,0,0,57,901,31,345,75,31,191,1,4,4,11,1,0,0,1,0,0,0,0,413,1574,19,74,1
1975,0,3,17003.0,1,0,37,2,5,12,4,8,7,3,2,0,4,5,0,0,0,0,0,0,0,202,38,6,51,0
1995,2,4,71163.0,0,0,30,283,17,372,138,106,44,1,3,8,12,1,0,0,0,0,0,0,0,112,960,23,31,1
1970,2,4,33697.0,1,0,34,4,3,7,0,3,11,1,1,0,2,7,1,0,0,0,0,0,0,287,28,3,56,0
1954,0,3,63564.0,0,0,0,769,80,252,15,34,65,1,10,10,7,6,1,0,0,0,0,0,1,151,1215,27,72,1
1972,4,5,83443.0,0,0,89,518,42,742,55,56,84,1,6,10,5,2,0,0,0,0,0,0,0,180,1497,21,54,1
1958,4,5,51518.0,0,1,92,350,8,66,17,4,4,2,3,2,10,3,0,0,0,0,0,0,0,269,449,15,68,0
1975,2,6,58330.0,0,1,87,445,53,213,104,98,151,1,6,4,13,4,0,0,0,0,0,0,0,186,1064,23,51,1
1969,2,3,80952.0,0,0,20,778,178,689,41,27,44,1,8,5,11,8,0,1,1,1,0,0,1,486,1757,24,57,1
1979,2,5,75507.0,0,0,56,709,93,374,104,80,80,1,8,6,6,3,0,0,0,0,0,0,0,58,1440,20,47,1
1978,0,5,63855.0,0,0,28,359,35,314,93,116,89,1,7,3,13,4,0,0,0,0,0,0,0,505,1006,23,48,1
1972,4,5,62220.0,0,1,55,799,12,375,16,12,12,5,7,6,5,6,0,0,0,0,0,0,1,687,1226,18,54,1
1964,2,3,58512.0,0,1,25,895,10,101,13,0,152,5,3,4,8,8,0,0,0,0,0,0,0,283,1171,15,62,1
1979,3,3,40662.0,1,0,0,40,2,23,0,4,23,2,2,1,3,4,0,0,0,0,0,0,0,471,92,6,47,0
1959,4,3,38829.0,0,1,86,76,0,7,0,0,16,1,3,2,2,5,0,0,0,0,0,0,0,84,99,7,67,0
1981,0,3,35523.0,1,0,8,11,5,22,12,5,11,2,3,0,3,7,0,0,0,0,0,0,0,269,66,6,45,0
1967,2,4,79146.0,1,1,33,245,16,223,21,43,16,2,8,1,8,6,0,0,0,0,0,0,0,66,564,17,59,0
1988,3,3,78285.0,0,0,13,647,107,391,175,67,40,1,6,4,10,3,0,0,0,0,0,0,0,244,1427,20,38,1
1978,4,4,31626.0,1,0,12,39,1,9,2,1,34,1,2,1,2,7,1,0,0,0,0,0,1,415,86,5,48,0
1952,2,4,75127.0,0,0,92,203,35,305,46,17,227,1,2,11,5,1,0,0,0,0,0,0,0,38,833,18,74,1
1955,2,3,48726.0,0,1,90,138,3,38,4,0,59,3,3,2,4,6,0,0,0,0,0,0,0,428,242,9,71,0
1977,2,3,74985.0,0,0,8,587,51,898,247,0,86,1,3,6,7,2,0,0,0,0,0,0,0,656,1869,16,49,1
1987,2,5,67430.0,0,0,6,595,97,291,127,133,121,1,11,5,12,6,0,0,0,0,0,0,0,662,1364,28,39,1
1965,0,3,46891.0,0,1,91,43,12,23,29,15,61,1,2,1,4,4,0,0,0,0,0,0,0,301,183,7,61,0
1956,3,3,62058.0,0,1,52,301,7,74,10,0,58,4,6,1,7,6,0,0,0,0,0,0,0,399,450,14,70,0
1979,2,3,72063.0,0,1,3,180,32,348,76,32,90,2,5,2,12,2,0,0,0,0,0,0,0,361,758,19,47,1
1951,4,3,78939.0,0,0,57,794,115,243,150,0,205,1,8,5,6,3,0,0,0,0,0,0,0,199,1507,19,75,1
1965,2,4,42720.0,1,1,9,392,5,91,28,26,112,8,7,3,7,8,0,0,0,0,0,0,1,431,654,17,61,0
1972,2,3,33622.0,1,1,22,39,1,22,3,4,12,3,2,0,4,7,0,0,0,0,0,0,0,442,81,6,54,0
1957,4,5,6835.0,0,1,76,107,2,12,2,2,12,0,0,0,1,20,0,0,0,0,0,0,0,568,137,1,69,0
1953,2,5,41452.0,1,1,86,13,0,3,0,0,0,1,1,0,2,7,0,0,0,0,0,0,0,480,16,3,73,0
1965,4,4,40760.0,0,1,64,70,0,17,0,0,6,2,2,1,3,6,0,0,0,0,0,0,0,303,93,6,61,0
1958,4,5,74250.0,0,0,90,680,11,392,75,0,0,1,2,11,4,1,0,0,0,0,0,0,0,154,1158,17,68,1
1955,3,4,51124.0,1,1,79,26,1,11,0,1,4,2,1,0,3,3,0,0,0,0,0,0,0,193,43,4,71,0
1971,2,4,72258.0,0,1,28,522,0,522,227,120,134,2,6,9,5,2,0,0,0,0,0,0,0,290,1525,20,55,1
1974,4,4,71466.0,0,0,86,412,12,546,78,182,0,1,4,4,10,1,0,0,0,0,0,0,0,85,1230,18,52,1
1976,2,5,36283.0,1,1,42,6,5,5,8,0,5,2,1,0,3,4,0,0,0,0,0,0,0,76,29,4,50,0
1970,2,4,20587.0,1,0,39,2,3,6,4,1,9,1,1,1,2,7,0,0,0,0,0,0,0,49,25,4,56,0
1972,2,3,30467.0,1,0,8,1,3,8,2,5,5,1,1,0,2,7,0,0,0,0,0,0,0,102,24,3,54,0
1972,2,5,31590.0,1,0,40,6,2,15,6,6,3,1,1,0,3,8,0,0,0,0,0,0,0,376,38,4,54,0
1986,1,3,20425.0,1,0,5,4,12,5,3,16,17,2,2,0,3,7,0,0,0,0,0,0,0,608,57,5,40,0
1960,3,5,17144.0,1,1,96,18,2,19,0,2,6,5,3,0,4,7,0,0,0,0,0,0,0,134,47,7,66,0
1968,4,2,42564.0,0,1,28,324,48,186,39,18,198,6,6,8,4,7,1,0,0,0,0,0,1,543,813,18,58,1
1978,3,3,43783.0,1,0,22,327,9,125,25,4,139,6,7,1,8,7,1,0,0,0,0,0,0,31,629,16,48,0
1976,2,2,40780.0,0,1,30,229,27,71,13,3,34,4,7,1,5,9,0,0,0,0,0,0,0,659,377,13,50,0
1945,3,5,62847.0,0,0,45,521,168,706,80,76,61,1,3,6,4,2,0,0,0,0,0,0,0,530,1612,13,81,1
1957,4,3,82017.0,0,0,58,184,23,446,30,23,23,1,5,4,7,2,0,1,1,1,0,0,1,599,729,16,69,1
1950,2,4,16813.0,0,0,49,4,8,11,12,2,13,1,2,0,3,7,1,0,0,0,0,0,0,345,50,5,76,0
1978,2,3,51267.0,1,1,37,183,2,64,7,2,12,4,3,3,5,4,0,0,0,0,0,0,0,243,270,11,48,0
1961,2,4,46524.0,0,1,70,31,19,35,26,14,52,2,1,1,5,3,0,0,0,0,0,0,0,450,177,7,65,0
1962,3,4,45183.0,0,0,33,219,3,60,12,9,12,1,4,1,7,7,0,1,0,0,0,0,0,525,315,12,64,0
1954,4,3,70421.0,0,1,98,479,28,136,75,14,35,3,10,3,7,6,0,0,0,0,0,0,0,1,767,20,72,1
1965,0,2,60161.0,0,1,17,584,44,212,46,8,177,3,11,4,8,8,0,0,0,0,0,0,0,614,1071,23,61,1
1973,2,5,73926.0,0,0,54,627,91,597,159,91,15,1,6,5,12,3,0,0,0,0,0,0,0,484,1580,23,53,1
1968,2,3,19329.0,1,0,39,24,1,16,12,2,5,3,4,0,3,8,0,0,0,0,0,0,0,197,60,7,58,0
1970,3,3,61872.0,0,1,81,330,5,159,36,27,16,4,4,4,9,4,0,0,0,0,0,0,0,198,573,17,56,1
1956,2,6,46984.0,1,1,71,19,1,10,2,1,8,1,1,0,3,5,0,0,0,0,0,0,0,460,41,4,70,0
1951,2,3,34838.0,1,1,62,28,23,29,29,14,47,3,2,1,4,6,0,0,0,0,0,0,0,526,170,7,75,0
1944,4,4,82716.0,0,0,8,606,148,228,15,148,22,1,6,8,13,2,0,0,0,0,0,0,0,236,1167,27,82,1
1958,2,3,48192.0,0,0,76,1039,43,204,153,58,29,3,2,8,12,8,0,1,0,1,1,0,1,449,1526,22,68,1
1976,3,3,49681.0,0,2,66,411,0,26,0,0,21,6,7,1,7,7,0,0,0,0,0,0,0,237,458,15,50,0
1971,3,3,56850.0,0,1,83,34,1,19,2,7,0,1,1,1,3,2,0,0,0,0,0,0,0,98,63,5,55,0
1957,2,3,55267.0,0,1,28,161,28,136,32,3,45,4,3,4,6,3,0,0,0,0,0,0,0,251,405,13,69,0
1972,2,3,59666.0,1,1,87,623,53,178,23,17,133,7,3,2,8,8,0,1,0,0,0,0,0,464,1027,13,54,1
1972,2,4,72504.0,0,1,43,604,26,470,123,161,94,2,5,9,6,2,0,0,0,0,0,0,0,449,1478,20,54,1
1981,2,3,26872.0,0,0,0,3,10,8,3,16,32,1,1,1,2,6,0,0,0,0,0,0,0,256,72,4,45,0
1972,2,4,21359.0,1,0,1,12,2,17,6,1,10,2,2,0,3,8,0,0,0,0,0,0,1,435,48,5,54,0
1975,2,4,73170.0,0,0,1,184,174,256,50,30,32,1,5,4,6,2,0,0,0,0,0,0,0,29,726,15,51,1
1955,3,3,52750.0,0,1,72,393,0,239,90,69,69,6,5,7,9,4,0,0,0,0,0,0,0,510,860,21,71,1
1986,4,5,91820.0,0,0,72,410,73,747,76,161,30,0,5,5,12,1,0,0,0,0,0,0,0,218,1497,22,40,1
1970,4,5,65968.0,0,1,12,376,9,83,19,4,4,2,5,4,7,3,0,0,0,0,0,0,0,48,495,16,56,0
1976,2,3,30772.0,1,1,89,7,2,4,2,1,4,1,1,0,2,6,0,0,0,0,0,0,0,109,20,3,50,0
1954,2,4,22507.0,0,0,67,68,0,226,51,157,68,3,10,2,4,9,0,0,0,0,0,0,0,582,570,16,72,1
1972,2,3,65685.0,0,1,54,642,14,49,0,7,57,1,9,2,9,5,0,0,0,0,0,0,0,92,769,20,54,1
1978,0,3,25804.0,1,0,34,8,7,9,13,6,12,2,2,0,3,8,0,0,0,0,0,0,0,301,55,5,48,0
1980,4,4,76412.0,0,0,15,840,53,804,23,71,17,1,5,4,8,3,0,0,1,1,0,0,1,420,1808,17,46,1
1972,2,3,22063.0,1,0,43,7,10,13,3,11,11,2,2,0,3,7,0,0,0,0,0,0,0,325,55,5,54,0
1961,2,4,57091.0,0,0,0,464,5,64,7,0,37,1,7,3,7,5,0,0,0,0,1,0,1,14,577,17,65,1
1963,2,3,22419.0,0,0,74,30,3,47,19,21,42,1,3,2,2,8,0,0,0,0,0,0,0,437,162,7,63,0
1959,2,5,87771.0,0,1,61,1492,38,287,50,57,33,1,5,10,4,6,0,1,1,1,1,0,1,403,1957,19,67,1
1959,0,2,78353.0,0,1,51,752,122,476,39,153,34,1,10,2,11,8,0,0,0,0,0,0,0,439,1576,23,67,1
1954,2,3,93404.0,1,2,97,1279,15,287,20,0,15,3,3,4,7,5,0,1,1,0,0,0,0,418,1616,14,72,1
1962,2,2,37859.0,1,2,75,22,1,8,2,1,2,2,1,0,3,8,0,0,0,0,0,0,0,533,36,4,64,0
1958,4,6,80995.0,0,1,83,860,28,409,73,56,56,1,8,9,4,4,0,0,0,0,0,0,0,414,1482,21,68,1
1984,2,5,16529.0,1,0,23,3,0,5,13,0,1,1,1,0,3,6,0,0,0,0,0,0,0,120,22,4,42,0
1976,4,2,55412.0,1,1,65,10,5,28,11,1,8,1,2,0,3,5,0,0,0,0,0,0,0,219,63,5,50,0
1992,2,4,48789.0,0,0,94,351,16,156,7,5,145,1,6,4,7,6,0,0,0,0,0,0,0,657,680,17,34,1
1967,4,5,56575.0,0,2,42,421,5,90,0,16,10,3,7,3,7,5,0,0,0,0,0,0,0,420,542,17,59,0
1980,0,5,25130.0,1,0,10,2,5,7,0,18,18,2,2,0,3,7,0,0,0,0,0,0,0,270,50,5,46,0
1967,2,3,35441.0,1,1,94,25,1,9,2,1,1,2,1,0,3,8,0,0,0,0,0,0,0,500,39,4,59,0
1956,2,3,71391.0,0,1,50,336,123,274,46,123,141,5,6,5,12,3,0,0,0,0,0,0,0,457,1043,23,70,1
1972,3,4,49494.0,1,0,46,191,9,97,0,6,82,2,6,1,5,7,0,0,0,0,0,0,0,430,385,12,54,0
1980,2,2,81702.0,0,0,98,563,50,774,28,31,187,1,7,7,12,3,0,0,0,0,0,0,0,644,1633,26,46,1
1980,0,4,45889.0,0,1,42,31,0,6,0,1,8,1,1,0,3,6,0,0,0,0,0,0,0,362,46,4,46,0
1977,2,4,56628.0,0,1,30,479,5,82,7,17,171,2,7,6,5,5,1,0,0,0,0,0,0,100,761,18,49,1
1950,2,5,34026.0,1,1,11,18,6,15,12,8,17,3,2,1,3,5,0,0,0,0,0,0,0,328,76,6,76,0
1974,2,3,40049.0,0,1,61,91,65,52,10,44,28,3,3,2,6,5,0,0,0,0,0,0,0,577,290,11,52,0
1988,2,4,34176.0,1,0,12,5,7,24,19,14,20,4,3,0,4,6,0,0,0,0,0,0,0,48,89,7,38,0
1981,2,3,19419.0,1,0,76,2,14,28,16,3,7,4,4,0,3,9,0,0,0,0,0,0,0,596,70,7,45,0
1960,0,3,82504.0,0,0,2,362,50,431,134,35,54,1,3,6,7,1,0,0,0,0,0,0,0,337,1066,16,66,1
1970,2,5,81205.0,0,0,43,724,74,929,97,55,130,1,5,6,7,2,1,0,1,0,1,0,1,167,2009,18,56,1
1991,0,4,61618.0,0,0,27,605,91,399,0,45,205,2,3,6,8,3,0,0,0,0,0,0,0,638,1345,17,35,1
1956,3,4,55284.0,0,1,60,547,7,140,0,7,63,3,7,5,8,5,0,0,0,0,0,0,0,552,764,20,70,1
1963,2,4,49980.0,0,1,79,104,1,54,13,9,14,2,3,1,5,5,0,0,0,0,0,0,0,249,195,9,63,0
1980,2,3,15072.0,2,0,96,8,2,15,0,10,18,4,3,1,3,5,0,0,0,0,0,0,0,415,53,7,46,0
1974,2,4,49166.0,0,1,17,224,2,25,7,0,110,2,5,3,3,6,0,0,0,0,0,0,0,381,368,11,52,0
1954,4,3,65324.0,0,1,0,384,0,102,21,32,5,3,6,2,9,4,0,0,0,0,0,0,0,169,544,17,72,1
1957,0,3,82347.0,0,0,38,556,54,845,202,133,63,1,7,7,10,3,1,0,0,1,0,0,0,600,1853,24,69,1
1966,4,5,30843.0,1,1,43,24,0,2,0,0,9,2,1,1,2,5,1,0,0,0,0,0,0,34,35,4,60,0
1974,4,3,46374.0,0,1,1,408,0,21,0,0,17,3,7,1,7,8,0,1,0,1,0,0,1,104,446,15,52,0
1979,2,4,60474.0,0,1,25,265,199,303,234,9,170,7,10,2,12,7,0,0,0,0,0,0,0,454,1180,24,47,1
1973,3,3,38576.0,0,1,2,34,0,7,0,0,0,1,1,0,3,7,0,0,0,0,0,0,0,117,41,4,53,0
1985,2,3,55357.0,2,0,66,374,64,116,84,25,64,3,6,2,11,5,0,0,0,0,0,0,0,495,727,19,41,0
1966,2,5,37758.0,1,1,49,27,2,10,0,0,1,2,1,0,3,8,0,0,0,0,0,0,0,633,40,4,60,0
1989,0,3,85710.0,0,0,5,600,20,350,29,30,33,1,6,9,10,2,0,0,1,0,0,0,0,420,1062,25,37,1
1969,2,5,23228.0,1,0,71,13,2,18,6,1,0,2,2,0,3,8,0,0,0,0,0,0,0,154,40,5,57,0
1969,3,5,44602.0,1,1,35,167,2,89,0,0,34,6,6,1,4,8,0,0,0,0,0,0,0,134,292,11,57,0
1987,2,3,7500.0,0,0,94,0,2,3,4,1,5,1,0,0,3,6,0,0,0,0,0,0,0,536,15,3,39,0
1989,0,5,38683.0,1,0,80,46,35,69,84,41,66,6,4,1,6,7,0,0,0,0,0,0,0,633,341,11,37,0
1975,0,4,49514.0,1,0,61,88,39,78,58,13,93,2,6,1,4,7,0,0,0,0,0,0,0,194,369,11,51,0
1973,4,5,57906.0,0,1,29,243,11,119,10,3,15,3,4,2,8,4,0,0,0,0,0,0,0,383,401,14,53,0
1966,3,4,43456.0,0,1,0,275,11,68,25,7,7,3,5,1,8,5,0,0,0,0,0,0,0,460,393,14,60,0
1986,3,4,19485.0,2,0,80,6,0,4,0,0,0,1,1,0,2,7,0,0,0,0,0,0,0,278,10,3,40,0
1978,2,5,53172.0,0,1,54,121,62,90,68,20,125,3,2,3,8,3,0,0,0,0,0,0,0,419,486,13,48,1
1979,2,5,30545.0,1,0,71,4,12,15,19,7,12,2,2,0,3,7,0,0,0,0,0,0,0,620,69,5,47,0
1983,4,5,70123.0,0,0,27,1308,0,396,23,0,0,1,5,7,4,3,0,1,0,0,1,0,0,274,1727,16,43,1
1959,2,4,62450.0,0,1,61,515,47,267,62,66,38,2,5,5,4,3,0,1,0,0,0,0,0,174,995,14,67,1
1976,2,5,21675.0,1,0,55,4,0,16,17,4,4,3,4,0,3,7,0,0,0,0,0,0,0,18,45,7,50,0
1981,0,4,42395.0,1,1,35,48,13,57,24,15,25,4,3,1,4,7,0,0,0,0,0,0,0,86,182,8,45,0
1978,3,5,61346.0,1,0,34,562,58,168,43,16,142,1,5,7,10,3,0,0,0,0,0,0,0,266,989,22,48,1
1953,2,5,80812.0,0,0,95,769,22,500,210,143,33,1,4,8,5,2,1,0,1,1,0,0,0,285,1677,17,73,1
1971,3,2,42835.0,1,1,64,379,4,93,12,9,98,7,6,6,4,6,0,0,0,0,0,0,0,364,595,16,55,0
1983,2,3,39922.0,1,0,30,29,12,59,19,1,36,2,3,0,4,8,0,0,0,0,0,0,0,500,156,7,43,0
1956,3,4,86424.0,0,0,12,387,68,569,89,45,68,1,6,9,12,1,0,0,0,0,0,0,0,85,1226,27,70,1
1978,0,5,17117.0,1,0,96,12,23,38,30,18,7,4,3,1,3,9,0,0,0,0,0,0,0,528,128,7,48,0
1972,2,4,24762.0,1,0,16,6,10,12,3,15,40,3,3,1,2,8,1,0,0,0,0,0,1,139,86,6,54,0
1975,2,3,35797.0,0,1,16,27,1,14,4,1,21,2,2,0,3,8,0,0,0,0,0,0,0,621,68,5,51,0
1975,2,2,36627.0,2,0,78,9,1,5,0,0,1,1,0,0,3,5,0,0,0,0,0,0,0,341,16,3,51,0
1981,0,3,51111.0,1,1,83,22,0,19,6,5,3,2,2,0,3,6,0,0,0,0,0,0,0,10,55,5,45,0
1972,4,4,86857.0,0,0,96,899,102,838,133,102,40,1,5,6,10,2,0,0,0,0,0,0,1,655,2114,21,54,1
1970,4,5,82072.0,0,0,67,889,55,685,168,92,129,1,3,2,13,1,0,0,0,0,0,0,0,362,2018,18,56,1
1953,4,4,46231.0,2,1,87,189,2,55,0,5,12,4,6,1,4,9,0,0,0,0,0,0,0,580,263,11,73,0
1959,2,3,42243.0,1,1,34,48,0,2,0,0,5,2,2,0,3,7,0,0,0,0,0,0,0,200,55,5,67,0
1962,2,5,51195.0,1,1,46,230,14,156,82,24,58,8,9,2,5,8,0,0,0,0,0,0,0,454,564,16,64,0
1978,3,4,68092.0,0,0,7,852,60,207,78,36,48,2,2,6,10,5,0,0,0,0,0,0,0,195,1281,18,48,1
1973,2,3,31814.0,1,0,73,35,3,20,4,1,20,2,2,0,3,9,1,0,0,0,0,0,0,505,83,5,53,0
1965,3,6,51390.0,1,1,54,205,20,47,23,2,56,6,5,2,5,5,0,0,0,0,0,0,0,659,353,12,61,0
1983,2,3,76630.0,0,0,93,255,31,446,40,56,175,1,3,10,11,1,0,0,0,0,0,0,0,166,1003,24,43,1
1991,1,4,26868.0,1,0,52,0,0,1,8,3,2,1,1,0,2,7,0,0,0,0,0,0,0,60,14,3,35,0
1943,4,2,48948.0,0,0,53,437,8,206,160,49,42,2,7,10,5,6,1,0,0,0,0,0,1,513,902,22,83,1
1972,4,4,55260.0,0,1,81,825,8,53,11,0,242,2,8,10,5,6,0,0,0,0,0,0,0,564,1139,23,54,1
1956,2,5,64090.0,0,1,8,316,58,161,76,51,135,1,6,9,4,5,0,0,0,0,0,0,1,326,797,19,70,1
1958,2,2,78331.0,0,1,97,756,138,354,160,169,61,2,10,6,7,4,0,0,0,0,0,0,0,157,1638,23,68,1
1974,4,3,37087.0,1,0,50,194,55,134,15,0,3,3,4,2,8,6,0,0,0,0,0,0,0,322,401,14,52,0
1986,2,2,21846.0,1,0,38,7,17,18,6,10,26,4,4,0,3,8,0,0,0,0,0,0,0,250,84,7,40,0
1958,2,3,81320.0,0,0,61,183,33,493,59,103,57,1,4,3,10,2,0,0,0,0,0,0,0,508,928,17,68,1
1970,2,2,54137.0,0,1,46,171,0,11,0,1,20,2,4,1,4,6,0,0,0,0,0,0,0,317,203,9,56,0
1967,2,5,66825.0,0,0,73,243,101,405,29,40,40,1,4,5,6,2,0,0,0,0,0,0,0,350,858,15,59,1
1973,2,5,57100.0,0,0,19,181,21,69,39,3,96,1,3,3,6,3,0,0,0,0,0,0,0,207,409,12,53,0
1969,2,5,58917.0,1,2,10,151,7,89,0,7,28,5,4,1,6,5,0,0,0,0,0,0,0,462,282,11,57,0
1977,2,4,85072.0,0,0,94,494,92,391,194,11,241,1,3,4,10,0,0,0,0,0,0,0,0,81,1423,17,49,1
1961,2,4,86429.0,0,0,10,464,28,873,29,18,37,0,7,4,7,2,0,0,0,1,0,0,1,220,1449,18,65,1
1971,2,6,45684.0,1,0,37,5,1,5,10,0,7,1,1,0,2,7,0,0,0,0,0,0,0,209,28,3,55,0
1974,2,5,47889.0,1,0,94,29,0,29,0,5,4,1,2,0,3,5,0,0,0,0,0,0,0,176,67,5,52,0
1986,4,3,45921.0,0,0,23,102,9,49,24,3,12,1,2,1,6,4,0,0,0,0,0,0,0,111,199,9,40,0
1966,4,4,78420.0,0,0,75,604,28,674,91,28,28,1,3,10,8,1,0,0,0,0,0,0,0,365,1453,21,60,1
1992,2,5,75114.0,0,0,40,571,12,523,63,60,24,1,3,10,5,2,0,0,0,0,0,0,0,234,1253,18,34,1
1963,4,6,52278.0,0,1,24,953,0,71,0,0,174,6,10,5,10,8,0,0,0,0,0,0,1,520,1198,25,63,1
1972,3,3,35641.0,1,0,11,63,3,67,8,9,28,2,3,1,4,7,0,0,0,0,0,0,1,350,178,8,54,0
1994,2,4,95529.0,0,0,29,770,29,890,250,27,24,1,7,3,7,3,0,0,1,0,0,0,1,573,1990,17,32,1
1954,2,3,62820.0,0,0,51,398,61,265,138,61,53,1,3,4,6,1,0,0,0,0,0,0,0,414,976,13,72,1
1960,3,5,73113.0,0,0,86,741,19,154,50,9,28,1,3,4,7,2,0,0,0,0,0,0,0,185,1001,14,66,1
1982,4,3,84169.0,0,0,9,1478,19,403,0,19,0,1,7,6,6,3,0,1,1,0,0,0,1,326,1919,19,44,1
1954,0,4,42607.0,0,1,30,156,29,56,30,32,47,2,3,2,7,3,0,0,0,0,0,0,0,224,350,12,72,0
1954,4,4,74637.0,0,0,73,960,64,464,146,0,16,1,6,9,9,3,0,0,0,1,0,0,0,407,1650,24,72,1
1955,4,5,46015.0,1,1,25,38,0,2,0,0,6,1,1,0,3,7,1,0,0,0,1,0,0,77,46,4,71,0
1993,2,4,72354.0,0,0,67,315,26,473,220,12,182,1,2,10,6,1,0,0,0,0,0,0,0,438,1228,18,33,1
1969,3,4,39858.0,1,0,67,15,20,25,2,7,26,1,2,0,4,6,0,0,0,0,0,0,1,521,95,6,57,0
1948,4,3,34469.0,1,1,58,19,6,20,0,5,12,3,1,1,4,4,0,0,0,0,0,0,0,56,62,6,78,0
1986,2,5,83033.0,1,0,82,812,99,431,237,149,33,1,11,4,10,5,0,0,0,1,0,0,0,42,1761,25,40,1
1979,3,5,24401.0,0,0,98,73,28,217,10,24,115,3,6,1,6,8,0,0,0,0,0,0,0,667,467,13,47,0
1978,2,3,77583.0,0,0,93,372,23,384,250,12,108,1,4,5,9,2,0,0,0,1,0,0,0,139,1149,18,48,1
1982,0,4,74116.0,0,0,53,871,111,704,145,55,166,1,4,4,10,2,0,1,0,0,0,0,0,181,2052,18,44,1
1993,2,4,74293.0,0,0,66,375,152,335,93,91,81,1,5,4,6,2,0,0,0,0,0,0,0,56,1127,15,33,1
1976,4,3,68397.0,0,1,6,760,80,466,17,13,80,1,6,9,5,3,0,0,0,0,0,0,0,224,1416,20,50,1
1974,4,5,79632.0,0,0,42,471,0,510,99,21,12,1,6,4,9,2,0,0,0,0,0,0,0,82,1113,19,52,1
1989,2,4,46107.0,1,0,78,31,9,27,16,9,33,1,1,1,4,3,0,0,0,0,0,0,0,139,125,6,37,0
1951,4,4,64950.0,0,1,29,819,0,72,12,0,63,2,11,2,10,7,0,1,0,0,0,0,0,686,966,23,75,1
1989,1,3,25443.0,1,0,82,1,4,3,8,9,7,1,1,0,3,8,0,0,0,0,0,0,0,554,32,4,37,0
1952,2,4,75127.0,0,0,92,203,35,305,46,17,227,1,2,11,5,1,0,0,0,0,0,0,0,38,833,18,74,1
1971,4,5,32892.0,1,0,78,26,0,15,2,1,2,2,3,0,3,8,0,0,0,0,0,0,0,35,46,6,55,0
1971,2,5,71796.0,0,0,54,354,21,311,167,75,32,1,9,3,4,4,0,0,0,0,0,0,0,248,960,16,55,1
1970,4,3,67536.0,0,1,45,1253,0,447,23,71,35,3,11,5,11,8,0,0,0,1,0,0,0,403,1829,27,56,1
1971,2,4,55239.0,0,1,59,371,17,238,23,24,106,3,7,5,11,5,0,0,0,0,0,0,0,350,779,23,55,1
1975,4,2,60554.0,1,0,8,588,7,76,110,15,15,2,8,4,9,6,0,0,0,0,0,0,0,324,811,21,51,1
1952,0,4,64831.0,1,1,51,480,86,249,75,86,144,8,6,3,5,6,0,0,0,0,0,0,0,384,1120,14,74,1
1962,4,5,56067.0,0,1,51,517,12,54,16,6,120,2,7,4,7,5,0,0,0,0,0,0,0,344,725,18,64,1
1983,2,2,82025.0,0,0,76,267,98,606,48,70,98,1,3,2,6,1,0,0,1,0,0,0,1,397,1187,11,43,1
1953,2,5,94384.0,0,0,62,1111,24,790,160,45,172,0,5,8,5,2,0,1,1,1,0,0,1,482,2302,18,73,1
1986,1,4,14906.0,0,0,86,7,7,14,7,16,15,3,2,1,3,7,0,0,0,0,0,0,0,554,66,6,40,0
1987,4,3,51563.0,0,0,60,1166,0,48,0,0,36,1,4,4,10,8,0,1,1,0,0,0,0,636,1250,18,39,1
1982,0,3,57937.0,0,1,56,261,42,144,55,48,133,3,4,4,9,3,0,0,0,0,0,0,0,133,683,17,44,1
1979,2,2,68274.0,1,1,83,135,25,51,23,25,46,2,4,2,5,3,0,0,0,0,0,0,0,272,305,11,47,0
1977,2,5,39771.0,1,0,92,6,2,18,2,8,14,1,2,0,3,4,0,0,0,0,0,0,0,205,50,5,49,0
1975,0,2,67893.0,0,1,31,711,28,142,49,18,47,2,3,2,9,8,0,0,0,0,0,0,0,636,995,14,51,1
1979,4,5,27922.0,1,0,80,11,0,13,2,4,11,1,2,0,3,4,0,0,0,0,0,0,0,50,41,5,47,0
1976,4,5,52190.0,1,1,39,42,0,17,0,0,18,3,2,1,3,5,1,0,0,0,0,0,0,52,77,6,50,0
1973,3,2,44051.0,1,1,20,79,7,58,6,3,18,4,3,1,4,6,0,0,0,0,0,0,1,516,171,8,53,0
1971,4,4,42767.0,2,0,53,20,6,43,19,5,38,1,3,1,2,8,0,0,0,0,0,0,0,414,131,6,55,0
1976,3,5,46106.0,1,1,84,30,0,8,2,0,14,1,1,1,2,6,0,0,0,0,0,0,0,49,54,4,50,0
1976,4,3,16927.0,1,1,50,20,2,23,3,1,4,5,3,0,4,8,0,0,0,0,0,0,0,504,53,7,50,0
1965,2,3,59754.0,0,1,96,115,27,44,4,146,139,3,5,2,6,5,0,0,0,0,0,0,1,575,475,13,61,1
1952,2,4,53700.0,0,1,94,263,5,233,69,41,83,4,5,5,8,5,0,0,0,0,0,0,0,681,694,18,74,1
1973,2,3,59041.0,1,1,25,69,2,15,2,2,6,2,2,0,4,5,0,0,0,0,0,0,0,53,96,6,53,0
1957,4,2,54237.0,0,1,48,267,3,30,4,0,57,4,5,2,5,6,0,0,0,0,0,0,0,428,361,12,69,0
1967,2,2,70647.0,0,1,65,561,85,171,25,123,114,2,4,7,13,2,0,0,0,0,0,0,0,646,1079,24,59,1
1962,4,4,52597.0,0,1,69,492,0,37,7,0,42,3,6,3,8,5,0,0,0,0,0,0,0,53,578,17,64,0
1969,3,5,41021.0,1,0,12,14,7,9,6,16,12,2,2,0,3,6,0,0,0,0,0,0,1,546,64,5,57,0
1975,4,3,40233.0,0,1,84,80,4,46,0,17,2,5,2,1,5,6,0,0,0,0,0,0,0,258,149,8,51,0
1980,2,3,50183.0,1,1,47,97,12,84,13,10,15,7,3,1,6,5,0,0,0,0,0,0,0,4,231,10,46,0
1959,2,5,54753.0,0,1,87,197,107,227,7,59,131,3,5,2,11,4,0,0,0,0,0,0,0,290,728,18,67,1
1973,2,3,92955.0,0,0,35,693,21,925,31,24,84,1,6,7,9,2,0,0,1,1,0,0,1,314,1778,22,53,1
1973,2,3,33471.0,1,0,47,43,2,27,0,9,12,3,3,0,4,7,0,0,0,0,0,0,0,625,93,7,53,0
1974,4,3,34596.0,1,0,48,14,0,2,0,0,7,1,1,0,2,8,0,0,0,0,0,0,1,442,23,3,52,0
1980,2,5,44010.0,1,0,46,186,36,234,86,72,48,6,10,2,6,9,0,0,0,0,0,0,0,624,662,18,46,0
1988,2,3,84219.0,0,0,27,434,137,400,45,137,45,1,3,4,10,1,0,0,0,0,0,0,0,147,1198,17,38,1
1968,4,5,40706.0,2,1,37,59,0,11,4,2,5,4,3,0,4,7,0,0,0,0,0,0,0,528,81,7,58,0
1988,0,3,15716.0,1,0,8,16,5,30,8,7,26,3,3,0,4,8,0,0,0,0,0,1,0,594,92,7,38,0
1959,0,2,59052.0,0,1,29,230,35,75,63,57,31,3,7,1,7,5,0,0,0,0,0,0,0,224,491,15,67,0
1971,3,5,80573.0,0,0,85,829,138,430,60,92,15,1,4,6,13,2,0,0,0,0,0,0,0,623,1564,23,55,1
1962,2,3,83715.0,0,0,2,318,8,407,150,35,8,1,2,8,13,0,0,0,0,0,0,0,0,146,926,23,64,1
1959,3,5,82576.0,0,0,66,1206,55,445,168,18,18,1,2,4,12,1,0,0,1,0,0,0,0,697,1910,18,67,1
1965,3,3,56962.0,2,1,60,292,3,77,10,3,26,7,6,3,5,7,0,0,0,0,0,0,0,261,411,14,61,0
1952,2,3,35704.0,1,1,54,30,9,12,2,11,30,3,2,0,4,4,0,0,0,0,0,0,0,177,94,6,74,0
1954,2,5,53103.0,0,1,70,729,17,133,11,0,195,5,10,6,7,7,1,0,0,0,0,0,0,290,1085,23,72,1
1960,0,6,46779.0,1,1,55,12,1,3,0,0,7,1,0,1,2,4,0,0,0,0,0,0,0,352,23,3,66,0
1965,2,2,4861.0,0,0,20,2,1,1,1,0,1,0,0,0,0,14,0,0,0,0,0,0,0,7,6,0,61,0
1979,3,2,33462.0,1,0,78,22,3,18,0,0,11,1,2,0,3,7,0,0,0,0,0,0,0,326,54,5,47,0
1978,2,2,63693.0,0,1,63,587,43,337,42,87,54,3,11,6,9,6,0,0,0,0,0,0,0,258,1150,26,48,1
1950,2,3,80763.0,0,0,17,674,168,108,192,42,231,1,5,11,6,3,0,0,1,1,0,0,1,318,1415,22,76,1
1974,4,3,65352.0,0,1,43,284,3,84,4,7,23,2,4,2,8,4,0,0,0,0,0,0,0,312,405,14,52,0
1978,4,3,82170.0,0,0,13,1023,93,651,49,55,37,1,5,6,7,2,0,0,0,0,0,0,0,216,1908,18,48,1
1969,2,3,75759.0,0,0,46,1394,22,708,89,91,182,1,9,7,9,5,1,0,1,1,0,0,1,247,2486,25,57,1
1976,0,4,79689.0,0,0,65,311,26,640,180,37,121,1,4,9,13,2,0,0,0,0,0,0,0,413,1315,26,50,1
1956,4,6,35340.0,1,1,1,27,0,12,0,1,5,2,2,0,3,5,0,0,0,0,0,0,0,0,45,5,70,0
1954,2,2,85683.0,0,0,6,1296,17,311,45,69,51,1,2,4,10,1,0,1,1,1,1,0,1,100,1789,16,72,1
1972,0,3,24884.0,1,0,32,3,6,7,0,0,3,1,0,0,3,7,0,0,0,0,0,0,0,577,19,3,54,0
1981,3,5,42021.0,1,0,34,393,5,136,7,5,27,5,10,1,6,9,1,0,0,0,0,0,0,667,573,17,45,0
1989,2,4,64449.0,1,0,70,218,63,282,137,35,70,4,5,3,12,4,0,0,0,0,0,0,0,131,805,20,37,1
1954,2,2,64587.0,1,1,49,66,0,16,0,6,20,2,1,1,4,3,0,0,0,0,0,0,0,7,108,6,72,0
1995,2,4,34824.0,0,0,65,4,2,11,2,0,4,1,1,0,2,6,0,0,0,0,0,0,0,95,23,3,31,0
1978,2,5,75437.0,0,0,25,795,0,545,95,58,0,1,8,4,10,6,0,0,0,1,0,0,0,232,1493,22,48,1
1957,2,5,26091.0,1,1,84,15,10,19,8,17,20,3,2,1,3,5,0,0,0,0,0,0,0,124,89,6,69,0
1973,2,3,52845.0,1,0,7,384,25,292,130,41,64,3,8,8,6,6,1,0,0,0,0,0,0,320,936,22,53,1
1956,2,2,46086.0,0,1,34,244,8,32,7,2,50,4,3,1,8,4,0,0,0,0,0,0,0,238,343,12,70,0
1956,4,6,78028.0,0,1,38,158,19,288,25,0,38,1,6,4,9,7,0,1,1,0,0,0,1,657,528,19,70,1
1987,4,4,95169.0,0,0,1,1285,21,449,106,20,20,1,4,3,4,1,0,0,1,1,0,0,1,263,1901,11,39,1
1981,0,3,56337.0,1,1,25,349,16,144,28,5,182,5,8,5,4,8,1,0,0,1,0,0,1,459,724,17,45,1
1987,2,5,22434.0,1,0,25,4,12,11,3,13,15,2,2,0,3,8,0,0,0,0,0,0,0,501,58,5,39,0
1954,4,3,36930.0,0,1,50,223,2,31,0,2,39,5,5,2,4,8,0,0,0,0,0,0,0,408,297,11,72,0
1954,2,4,36130.0,0,1,46,157,43,127,68,56,37,6,3,8,4,4,1,0,0,0,0,0,1,512,488,15,72,1
1953,3,3,65569.0,0,1,96,397,46,288,20,38,70,2,6,5,10,3,0,0,0,0,0,0,0,601,859,21,73,1
1952,2,5,83844.0,0,0,57,901,31,345,75,31,191,1,4,4,11,1,0,0,1,0,0,0,0,413,1574,19,74,1
1968,2,3,19514.0,1,1,47,14,3,21,2,1,28,4,3,1,2,8,1,0,0,0,0,0,0,154,69,6,58,0
1963,4,4,36736.0,1,1,52,10,0,3,0,0,4,1,1,0,2,6,0,0,0,0,0,0,0,415,17,3,63,0
1979,2,5,77568.0,0,1,30,1230,0,396,232,178,158,1,10,2,8,5,0,1,1,1,0,0,0,673,2194,20,47,1
1976,4,5,49187.0,0,1,63,81,1,31,2,1,0,1,1,1,5,2,0,0,0,0,0,0,0,169,116,7,50,0
1978,2,4,30168.0,1,0,51,154,20,66,0,12,27,7,6,1,4,9,0,0,0,0,0,0,0,479,279,11,48,0
1968,3,5,34053.0,0,1,14,63,0,21,7,0,12,1,3,0,3,8,0,0,0,0,0,0,0,657,103,6,58,0
1971,3,3,38196.0,1,1,20,30,0,11,0,0,3,3,2,0,4,5,0,0,0,0,0,0,0,72,44,6,55,0
1951,3,3,59412.0,0,0,56,90,67,165,30,43,11,1,4,2,8,3,0,0,0,0,0,0,0,71,406,14,75,1
1965,0,3,70924.0,0,0,41,635,114,254,132,152,76,1,6,6,7,3,0,0,1,0,0,0,0,83,1363,19,61,1
1969,2,5,54165.0,0,0,72,127,4,73,15,6,11,1,2,1,7,2,0,0,0,0,0,0,0,397,236,10,57,0
1973,2,3,32300.0,1,0,1,13,3,6,6,5,6,1,1,0,3,8,0,0,0,0,0,0,0,542,39,4,53,0
1976,2,4,20180.0,0,0,27,18,42,24,15,20,18,1,2,1,4,7,0,0,0,0,0,0,0,494,137,7,50,0
1973,2,3,34961.0,1,0,77,45,2,26,4,1,1,3,3,1,3,7,0,0,0,0,0,0,0,10,79,7,53,0
1974,4,5,28440.0,1,0,87,38,1,24,0,0,0,1,2,0,3,8,0,0,0,0,0,0,0,357,63,5,52,0
1953,4,5,64504.0,1,2,81,986,36,168,16,0,108,7,11,3,4,7,0,0,0,0,0,0,1,482,1314,18,73,1
1966,3,5,33564.0,0,1,51,61,0,3,0,0,7,1,1,1,3,5,0,0,0,0,0,0,0,5,71,5,60,0
1978,2,3,17345.0,1,0,79,4,9,16,17,0,12,2,2,1,2,8,0,0,0,0,0,0,0,603,58,5,48,0
1967,4,3,56320.0,0,1,11,201,53,172,116,77,83,3,5,4,9,4,0,0,0,0,0,0,0,447,702,18,59,1
1978,2,4,28647.0,1,0,54,19,8,29,0,12,26,1,2,2,2,7,1,0,0,0,0,0,1,312,94,6,48,0
1987,1,4,15038.0,1,0,93,4,8,11,19,12,26,2,2,1,2,9,0,0,0,0,0,0,0,516,80,5,39,0
1958,4,2,32173.0,0,1,0,18,0,2,0,0,2,1,1,0,3,4,0,0,0,0,0,0,0,332,22,4,68,0
1964,0,5,68316.0,0,1,54,806,80,161,120,11,33,5,10,7,10,6,0,0,0,0,0,0,0,602,1211,27,62,1
1971,2,5,74538.0,0,0,21,380,98,733,110,112,28,1,8,8,5,3,0,0,1,0,0,0,1,365,1461,21,55,1
1971,2,4,91700.0,0,0,58,576,172,961,125,115,19,1,8,6,5,3,0,0,0,0,0,0,1,528,1968,19,55,1
1969,2,5,68695.0,0,0,3,458,81,356,106,50,40,1,4,4,7,2,0,0,0,0,0,0,0,4,1091,15,57,1
1977,0,3,31056.0,1,0,99,5,10,13,3,8,16,1,1,0,3,8,0,0,0,0,0,0,0,523,55,4,49,0
1973,2,3,79593.0,0,0,70,350,60,568,110,133,145,1,5,6,7,2,0,0,1,0,0,0,0,48,1366,18,53,1
1980,2,4,28071.0,0,0,65,39,33,130,41,26,44,2,5,1,5,8,0,0,0,0,0,0,0,669,313,11,46,0
1958,4,5,37334.0,1,1,44,26,1,16,2,2,15,4,3,0,4,4,0,0,0,0,0,0,0,123,62,7,68,0
1972,3,4,46423.0,1,1,6,68,0,16,0,0,8,3,2,0,4,7,0,0,0,0,0,0,0,284,92,6,54,0
1971,4,3,37126.0,1,0,9,45,3,9,4,4,7,1,1,2,2,6,1,0,0,0,0,0,1,91,72,5,55,0
1953,2,3,47703.0,0,1,95,359,0,134,13,26,123,4,6,3,8,5,0,0,0,0,0,0,0,396,655,17,73,1
1959,2,3,61180.0,0,1,70,403,24,29,6,24,218,2,5,5,6,3,1,0,0,0,0,0,0,67,704,16,67,1
1954,2,3,38998.0,1,1,92,34,1,14,0,0,5,3,2,0,3,8,0,0,0,0,0,1,0,603,54,5,72,0
1991,2,4,8028.0,0,0,62,73,18,66,7,12,2,15,0,1,0,19,0,0,0,0,0,0,0,649,178,1,35,0
1962,2,5,76081.0,0,0,85,292,30,415,63,33,200,1,4,5,4,2,0,0,0,1,0,0,0,37,1033,13,64,1
1986,2,5,34728.0,1,0,2,14,0,16,0,0,6,1,1,1,2,6,0,0,0,0,0,0,1,334,36,4,40,0
1965,3,4,33168.0,0,1,0,80,1,37,0,1,3,3,2,1,4,7,0,0,0,0,0,0,0,624,122,7,61,0
1966,3,3,33585.0,0,1,91,30,11,33,13,6,29,1,2,0,4,4,0,0,0,0,0,0,0,277,122,6,60,0
1960,4,3,77037.0,0,1,3,463,96,333,168,53,10,1,7,7,12,3,0,0,0,0,0,0,0,259,1123,26,66,1
1984,2,5,35196.0,1,0,68,75,12,141,43,39,187,6,6,1,5,8,0,0,0,0,0,0,1,593,497,12,42,0
1966,2,3,44529.0,0,1,98,538,13,91,17,6,26,6,6,2,11,5,0,1,0,0,0,0,0,359,691,19,60,1
1965,0,3,70924.0,0,0,41,635,114,254,132,152,76,1,6,6,7,3,0,0,1,0,0,0,0,83,1363,19,61,1
1966,4,5,28764.0,1,1,16,8,0,3,0,0,1,1,1,0,2,8,1,0,0,0,0,0,0,24,12,3,60,0
1949,4,3,69098.0,0,0,82,1315,22,780,145,0,178,1,7,8,9,5,0,0,0,0,0,0,0,498,2440,24,77,1
1970,0,2,25959.0,1,1,1,4,2,12,7,5,26,2,1,2,2,6,0,0,0,0,0,0,1,500,56,5,56,0
1983,3,3,27100.0,1,0,64,12,0,13,2,0,10,1,1,0,3,7,0,0,0,0,0,0,0,450,37,4,43,0
1985,2,4,70596.0,0,0,68,347,44,534,17,0,26,1,3,5,12,2,0,0,0,0,0,0,0,632,968,20,41,1
1974,2,3,42557.0,0,1,98,192,5,53,0,5,15,4,6,1,4,8,0,0,0,0,0,0,0,669,270,11,52,0
1951,4,3,53312.0,0,0,32,241,0,12,0,0,25,1,5,1,5,7,0,0,0,0,0,0,0,324,278,11,75,0
1952,2,4,72228.0,0,0,87,631,28,491,30,14,56,1,6,7,8,3,0,0,0,0,0,0,0,579,1250,21,74,1
1987,2,5,67605.0,0,0,84,336,28,282,184,54,54,1,2,8,6,1,0,0,0,0,0,0,0,455,938,16,39,1
1949,3,3,62845.0,1,1,3,1099,0,45,0,0,34,11,3,4,10,8,0,1,0,0,0,0,0,636,1178,17,77,1
1958,2,5,65196.0,0,2,34,743,19,181,12,0,200,2,7,6,11,5,1,0,0,0,0,0,0,339,1155,24,68,1
1987,4,4,42000.0,0,0,23,124,83,267,85,59,35,2,5,2,11,5,0,0,0,0,0,0,1,535,653,18,39,1
1973,4,2,35860.0,1,1,37,15,0,8,4,2,20,2,1,1,2,5,1,0,0,0,0,0,0,41,49,4,53,0
1964,4,3,65526.0,0,1,22,397,19,69,12,0,9,1,4,4,8,2,0,0,0,0,0,0,0,79,506,16,62,0
1961,2,3,16860.0,1,1,19,10,4,4,3,3,14,3,1,1,3,7,0,0,0,0,0,0,0,655,38,5,65,0
1992,2,4,83528.0,0,0,7,530,117,678,134,44,147,1,4,10,8,1,1,0,0,1,0,0,1,59,1650,22,34,1
1965,0,2,64176.0,0,1,52,1215,33,249,64,116,149,8,8,9,8,6,0,0,0,0,0,0,0,695,1826,25,61,1
1956,2,2,22304.0,0,0,91,3,2,7,0,4,2,1,1,0,2,8,0,0,0,0,0,0,0,694,18,3,70,0
1978,2,3,67023.0,0,0,93,444,44,382,11,8,17,1,3,7,13,2,0,0,0,0,0,1,0,117,906,23,48,1
1971,4,5,32892.0,1,0,78,26,0,15,2,1,2,2,3,0,3,8,0,0,0,0,0,0,0,35,46,6,55,0
1966,2,5,70713.0,0,1,23,736,114,279,82,76,190,6,5,6,8,3,0,0,0,0,0,0,0,573,1477,19,60,1
1955,2,5,59925.0,0,1,83,473,21,176,19,21,56,3,9,2,9,6,0,0,0,0,0,0,0,576,766,20,71,1
1953,2,3,39722.0,0,1,92,32,0,5,2,0,8,2,2,0,3,5,0,0,0,0,0,0,0,125,47,5,73,0
1958,2,5,46610.0,0,0,4,288,10,30,4,10,125,1,6,1,6,6,0,0,0,0,0,0,0,346,467,13,68,0
1961,2,5,88347.0,0,0,32,1050,178,555,77,138,118,1,4,7,9,1,0,0,0,1,0,0,0,361,2116,20,65,1
1981,4,3,87171.0,0,0,27,1001,44,107,58,44,44,1,6,7,11,2,1,0,1,0,0,0,0,424,1298,24,45,1
1976,0,5,26907.0,1,1,10,9,1,7,0,3,2,2,1,0,3,7,0,0,0,0,0,0,0,313,22,4,50,0
1968,3,4,50014.0,1,0,9,234,14,77,19,10,42,2,4,1,8,5,0,0,0,0,0,0,0,158,396,13,58,0
1978,4,3,41014.0,1,0,65,7,2,6,2,0,3,1,1,0,2,7,0,0,0,0,0,0,0,433,20,3,48,0
1965,2,4,66294.0,0,0,68,251,108,334,65,92,117,1,4,3,5,2,0,0,0,0,0,0,0,104,967,12,61,1
1971,2,3,36715.0,1,0,16,172,10,125,21,13,16,6,7,2,4,9,0,0,0,0,0,0,1,589,357,13,55,0
1956,2,3,79456.0,0,0,12,565,42,548,64,83,99,1,5,6,4,3,0,0,0,0,0,0,1,676,1401,15,70,1
1982,2,5,40479.0,1,0,95,5,0,8,2,0,0,1,0,0,3,4,0,0,0,0,0,0,0,316,15,3,44,0
1970,3,4,75345.0,0,0,16,918,57,842,99,38,133,1,5,8,6,3,0,0,0,1,0,0,1,512,2087,19,56,1
1977,2,3,54233.0,0,1,46,652,8,158,21,0,142,4,11,6,5,8,0,0,0,0,0,0,0,510,981,22,49,1
1970,2,4,24163.0,1,1,3,4,1,7,2,1,2,2,1,0,3,4,0,0,0,0,0,0,0,260,17,4,56,0
1958,4,5,84460.0,0,0,80,152,27,103,106,54,81,0,9,9,4,5,0,1,1,1,1,0,1,541,523,22,68,1
1983,2,5,43776.0,1,0,77,8,0,9,2,1,3,1,1,0,2,6,0,0,0,0,0,0,0,57,23,3,43,0
1958,4,4,71691.0,0,0,0,336,130,411,240,32,43,1,4,7,5,2,0,0,0,0,0,0,1,104,1192,16,68,1
1973,4,3,85844.0,0,0,62,938,19,843,25,95,38,1,6,6,7,2,0,0,1,0,0,0,0,31,1958,19,53,1
1974,4,4,39190.0,1,0,91,68,8,18,19,8,12,2,2,1,4,5,0,0,0,0,0,0,0,64,133,7,52,0
1959,2,5,71367.0,0,0,24,227,23,389,42,21,75,1,4,5,7,2,0,0,0,0,0,0,0,310,777,16,67,1
1972,4,4,38578.0,1,1,2,38,4,22,3,3,3,3,3,0,3,8,0,0,0,0,0,0,0,372,73,6,54,0
1965,4,3,57236.0,1,1,22,105,0,9,2,1,4,3,2,1,4,3,0,0,0,0,0,0,0,109,121,7,61,0
1979,2,4,61825.0,0,1,56,162,50,100,55,30,27,1,4,2,8,4,0,0,0,0,0,0,0,326,424,14,47,0
1958,2,2,79803.0,0,1,54,574,8,216,21,16,33,1,4,3,5,1,0,0,0,0,0,0,0,27,868,12,68,1
1986,0,4,80910.0,0,0,71,160,80,369,67,39,41,1,3,3,8,1,0,0,0,0,0,0,0,606,756,14,40,1
1982,3,5,27590.0,1,0,38,6,0,5,0,0,1,1,1,0,2,7,0,0,0,0,0,0,0,432,12,3,44,0
1979,2,3,56775.0,0,1,62,614,35,160,58,35,35,2,5,8,10,5,0,0,0,0,0,0,0,543,937,23,47,1
1975,2,2,83829.0,0,0,78,897,161,430,186,161,27,0,4,7,6,1,1,0,1,1,0,0,1,264,1862,17,51,1
1979,0,3,54210.0,0,1,18,70,54,109,80,9,45,2,4,1,7,5,0,0,0,0,0,0,0,405,367,12,47,0
1986,2,3,38508.0,1,0,95,120,19,206,25,19,54,6,7,2,5,8,0,0,0,0,0,0,0,331,443,14,40,0
1970,2,5,53187.0,1,0,66,211,2,30,7,7,10,2,4,1,6,5,0,0,0,0,0,0,0,246,267,11,56,0
1972,2,3,30023.0,1,0,28,11,0,16,7,6,21,1,2,0,3,8,0,0,0,0,0,0,0,97,61,5,54,0
1960,4,4,76045.0,0,0,78,760,53,400,17,93,0,1,4,5,11,2,0,0,0,1,0,0,0,226,1323,20,66,1
1952,4,3,50870.0,0,1,13,53,0,8,0,0,2,1,2,0,3,5,0,0,0,0,0,0,0,10,63,5,74,0
1970,0,3,15315.0,0,0,27,7,4,13,15,8,17,2,2,0,4,5,0,0,0,0,0,0,0,330,64,6,56,0
1974,0,3,65463.0,1,0,17,391,32,70,21,32,16,2,6,2,9,5,0,1,0,0,0,0,0,150,562,17,52,0
1965,2,3,66480.0,1,1,71,199,9,57,20,21,6,7,4,1,7,4,0,0,0,0,0,0,0,29,312,12,61,0
1954,2,2,76773.0,0,0,79,516,56,449,86,33,16,1,2,2,11,1,0,0,0,0,0,0,0,489,1156,15,72,1
1983,0,4,81698.0,0,0,1,709,45,115,30,160,45,1,8,2,5,5,0,0,0,1,0,0,1,485,1104,15,43,1
1973,4,4,54466.0,1,1,78,12,0,4,0,0,0,1,1,0,2,5,0,0,0,0,0,0,0,140,16,3,53,0
1960,3,4,98777.0,0,0,23,1000,19,711,125,115,38,0,4,6,9,1,0,1,0,0,0,0,0,132,2008,19,66,1
1984,4,4,16269.0,1,0,75,19,3,18,3,1,0,3,3,0,3,8,0,0,0,0,0,0,0,303,44,6,42,0
1971,2,5,71819.0,0,1,70,1224,28,140,0,14,168,3,3,3,5,6,0,1,1,0,0,0,0,305,1574,11,55,1
1983,4,3,33569.0,1,0,10,16,2,18,3,0,24,1,1,1,2,8,1,0,0,0,0,0,1,256,63,4,43,0
1983,3,3,36262.0,0,0,24,88,39,54,64,28,153,1,3,5,3,6,1,0,0,0,0,0,1,282,426,11,43,0
1966,1,5,22634.0,0,0,47,2,23,11,8,6,46,1,2,1,2,8,0,0,0,0,0,0,0,529,96,5,60,0
1978,0,3,47025.0,0,1,98,508,11,59,23,5,29,5,11,1,6,9,0,0,0,0,0,0,0,290,635,18,48,0
1968,2,4,70566.0,0,1,4,381,28,215,84,28,21,2,6,5,9,3,0,0,0,0,0,0,0,266,757,20,58,1
1979,4,3,31605.0,1,0,15,74,0,42,2,1,6,2,2,1,4,7,0,0,0,0,0,0,0,584,125,7,47,0
1973,3,2,52034.0,1,1,67,146,0,93,7,13,73,5,4,2,5,7,0,0,0,0,0,0,0,408,332,11,53,0
1979,2,4,48526.0,1,0,32,23,17,23,43,20,9,1,2,1,4,3,0,0,0,0,0,0,0,187,135,7,47,0
1954,2,3,46734.0,0,1,40,110,5,137,26,23,29,2,6,1,5,7,0,0,0,0,0,0,0,588,330,12,72,0
1962,2,2,39552.0,1,1,54,165,3,147,4,24,41,7,6,2,5,8,0,0,0,0,0,0,1,558,384,13,64,0
1966,2,4,86358.0,1,1,78,957,47,494,82,47,95,4,5,3,6,8,0,0,0,0,0,0,0,690,1722,14,60,1
1977,2,5,46931.0,2,1,94,41,0,17,3,1,16,2,1,1,3,3,0,0,0,0,0,0,0,66,78,5,49,0
1985,1,4,16581.0,0,0,51,1,3,4,2,3,11,1,0,0,3,4,0,0,0,0,0,0,0,533,24,3,41,0
1952,0,2,63998.0,0,0,42,176,29,818,0,33,112,1,7,6,11,4,0,0,0,0,0,0,1,191,1168,24,74,1
1951,3,3,67381.0,0,1,67,815,8,53,11,0,70,4,2,2,9,7,0,1,0,0,0,0,0,530,957,13,75,1
1967,2,4,25930.0,1,1,87,6,1,2,2,0,4,1,1,0,2,7,0,0,0,0,0,0,0,262,15,3,59,0
1978,2,3,42693.0,1,0,29,8,4,20,6,3,16,1,1,0,3,5,0,0,0,0,0,0,0,22,57,4,48,0
1976,2,5,85606.0,0,1,89,717,42,864,219,30,84,2,6,7,9,3,0,0,0,1,0,0,0,594,1956,22,50,1
1985,2,4,72903.0,0,0,74,1067,138,750,0,19,39,1,7,5,8,4,0,1,1,1,0,0,1,243,2013,20,41,1
1974,0,5,49669.0,1,0,97,166,5,107,11,8,29,2,5,1,6,6,0,0,0,0,0,0,0,36,326,12,52,0
1968,4,3,36778.0,1,1,63,29,4,34,2,4,4,3,3,0,3,9,0,0,0,0,0,0,0,693,77,6,58,0
1962,4,2,85696.0,0,0,88,714,76,395,116,0,12,1,4,6,9,1,0,0,0,0,0,0,1,422,1313,19,64,1
1989,3,2,10979.0,0,0,34,8,4,10,2,2,4,2,3,0,3,5,0,0,0,0,0,0,0,38,30,6,37,0
1961,2,3,49678.0,0,1,81,229,5,56,3,2,20,2,6,2,4,7,0,0,0,0,0,0,0,512,315,12,65,0
1953,3,5,56129.0,0,1,65,320,48,133,39,72,48,4,6,2,10,4,0,0,0,0,0,0,0,374,660,18,73,1
1989,2,3,37155.0,1,0,51,23,0,26,7,15,3,1,2,0,4,5,0,0,0,0,0,0,0,514,74,6,37,0
1978,0,2,21282.0,1,0,76,1,5,8,4,8,20,2,2,1,2,6,0,0,0,0,0,0,0,49,46,5,48,0
1962,4,4,33419.0,0,1,76,56,0,12,0,0,18,2,2,0,4,7,0,0,0,0,0,0,0,316,86,6,64,0
1945,2,6,63285.0,0,0,84,508,124,249,50,38,134,1,6,5,13,3,0,0,0,0,0,0,0,236,1103,24,81,1
1974,3,5,21255.0,1,0,56,29,0,25,2,2,3,4,2,1,4,4,0,0,0,0,0,0,0,159,61,7,52,0
1981,2,5,42162.0,1,0,31,46,7,59,2,4,27,2,3,1,3,6,1,0,0,0,0,0,1,222,145,7,45,0
1956,2,5,54450.0,1,1,0,454,0,171,8,19,32,12,9,2,8,8,0,0,0,0,0,0,0,653,684,19,70,0
1954,4,3,57744.0,0,1,91,350,3,39,0,0,19,2,9,1,4,8,0,0,0,0,0,0,0,229,411,14,72,0
1986,2,4,26576.0,1,0,40,10,0,8,0,0,9,1,1,0,2,9,1,0,0,0,0,0,1,624,27,3,40,0
1943,4,6,57513.0,0,0,59,735,40,183,52,20,30,2,9,3,13,6,0,0,0,0,0,0,0,358,1060,25,83,1
1964,2,5,68142.0,0,1,96,897,126,196,91,112,37,3,10,4,7,6,0,0,0,0,0,0,0,669,1459,21,62,1
1979,2,3,7500.0,0,1,61,5,2,3,3,0,5,1,1,0,2,8,0,0,0,0,0,0,0,669,18,3,47,0
1974,2,5,83145.0,0,0,14,777,35,731,39,137,114,1,5,9,11,2,0,0,1,0,0,0,1,645,1833,25,52,1
1960,3,3,54197.0,0,1,16,162,6,37,6,13,13,2,1,3,6,1,0,0,0,0,0,0,0,87,237,10,66,0
1963,4,4,23091.0,1,1,98,35,0,11,0,0,2,4,2,1,3,7,0,0,0,0,0,0,0,32,48,6,63,0
1976,2,3,46049.0,1,1,11,342,9,112,19,14,19,10,5,2,9,7,0,0,0,0,0,0,1,343,515,16,50,0
1974,2,5,56715.0,0,0,52,258,105,239,237,172,9,1,7,3,4,4,0,0,0,0,0,0,0,571,1020,14,52,1
1961,2,3,79410.0,0,0,19,658,80,483,123,13,13,1,3,2,5,1,0,0,0,0,0,0,0,31,1370,10,65,1
1951,2,3,57304.0,0,1,61,356,80,329,138,17,106,2,7,6,10,5,0,0,0,0,0,0,0,475,1026,23,75,1
1965,2,3,44375.0,0,1,73,213,5,28,7,7,41,1,4,1,6,5,0,0,0,0,0,0,0,98,301,11,61,0
1956,2,5,54450.0,1,1,0,454,0,171,8,19,32,12,9,2,8,8,0,0,0,0,0,0,0,653,684,19,70,0
1965,2,3,59594.0,0,1,74,457,4,29,0,0,9,1,8,1,7,7,0,1,0,0,0,0,0,617,499,16,61,0
1994,2,5,80685.0,0,0,55,241,45,604,34,26,54,1,6,4,10,2,0,0,0,0,0,0,0,676,1004,20,32,1
1974,4,3,40344.0,0,1,48,210,0,6,0,0,2,2,4,1,5,7,0,0,0,0,0,0,0,259,218,10,52,0
1972,2,3,62710.0,0,1,53,441,35,83,7,29,11,4,4,2,12,4,0,0,0,0,0,0,0,402,606,18,54,1
1968,0,3,48985.0,0,1,13,19,13,18,10,7,8,1,1,1,3,3,0,0,0,0,0,0,0,359,75,5,58,0
1968,2,5,35322.0,1,2,34,28,9,37,12,7,13,3,2,0,4,8,0,0,0,0,0,0,0,676,106,6,58,0
1948,2,3,77142.0,0,0,54,476,75,162,29,151,97,1,4,4,8,2,0,0,0,0,0,0,0,396,990,16,78,1
1969,2,4,81657.0,0,0,69,364,40,425,158,60,50,1,3,4,8,1,0,0,0,0,0,0,0,158,1097,15,57,1
1996,1,3,14421.0,0,0,81,0,0,2,3,3,8,1,1,0,2,5,1,0,0,0,0,0,0,132,16,3,30,0
1974,0,3,20130.0,0,0,99,0,6,3,7,6,12,1,1,0,3,8,0,0,0,0,0,0,0,104,34,4,52,0
1990,4,3,74214.0,0,0,3,863,83,547,86,99,33,1,8,2,5,5,0,0,0,0,0,0,0,672,1711,15,36,1
1957,3,3,66726.0,1,1,61,349,7,35,0,0,47,3,8,2,4,7,0,1,0,0,0,0,0,168,438,14,69,0
1979,1,5,23724.0,1,0,65,5,23,15,0,18,14,2,2,0,3,8,0,0,0,0,0,0,0,537,75,5,47,0
1960,3,3,47353.0,0,1,93,184,2,19,8,8,4,3,2,2,6,5,0,0,0,0,0,0,0,228,225,10,66,0
1952,3,3,33444.0,1,1,24,8,0,8,0,0,2,1,1,0,2,8,0,0,0,0,0,0,0,603,18,3,74,0
1981,2,3,54386.0,0,1,8,277,21,64,62,21,25,2,3,2,10,3,0,0,0,0,0,0,0,408,470,15,45,0
1981,2,2,28510.0,1,1,72,44,5,19,0,4,19,3,2,0,4,5,0,0,0,0,0,0,0,442,91,6,45,0
1991,3,4,90638.0,0,0,29,1156,120,915,94,144,96,1,3,4,10,1,0,0,1,0,0,0,0,136,2525,17,35,1
1950,2,5,48070.0,0,1,33,373,14,83,6,9,19,3,8,2,6,7,0,0,0,0,0,1,0,532,504,16,76,0
1957,2,3,43140.0,0,1,68,134,8,76,6,0,11,1,4,1,5,6,0,0,0,0,0,0,0,540,235,10,69,0
1961,4,2,54959.0,0,1,55,1148,0,60,0,0,24,3,9,5,4,7,0,1,0,0,0,0,1,526,1232,18,65,1
1958,1,4,15056.0,1,1,76,6,12,3,21,6,40,5,2,2,3,5,0,0,0,0,0,0,0,422,88,7,68,0
1971,2,4,26954.0,1,0,17,4,1,11,0,0,1,1,1,0,2,7,0,0,0,0,0,0,0,52,17,3,55,0
1985,2,4,22327.0,1,0,94,5,4,8,2,0,5,1,1,0,3,5,0,0,0,0,0,0,0,331,24,4,41,0
1965,2,3,44393.0,1,1,86,24,2,20,2,2,10,2,1,0,4,4,0,0,0,0,0,0,0,311,60,5,61,0
1952,4,4,62000.0,0,1,25,899,0,101,0,0,20,1,6,6,13,4,0,0,0,1,0,0,0,308,1020,25,74,1
1962,4,5,31497.0,0,1,22,108,1,28,13,1,4,2,3,1,4,8,0,0,0,0,0,0,0,570,155,8,64,0
1974,0,3,45894.0,0,2,15,27,2,7,0,2,13,1,1,0,3,5,0,0,0,0,0,0,0,122,51,4,52,0
1970,3,2,78579.0,0,0,35,816,66,549,216,66,99,1,5,6,4,3,0,0,0,0,0,0,1,554,1812,15,56,1
1969,3,6,67369.0,0,1,81,1298,0,70,37,14,42,4,7,4,10,4,0,1,1,0,0,0,1,589,1461,21,57,1
1960,2,2,58401.0,0,1,55,10,0,11,17,29,29,1,1,2,2,4,0,0,0,0,0,0,0,70,96,5,66,0
1952,2,4,62307.0,0,1,94,87,13,34,10,6,10,1,4,0,4,5,0,0,0,0,0,0,0,132,160,8,74,0
1969,3,3,43641.0,1,1,50,57,2,51,4,2,23,3,2,1,4,6,0,0,0,0,0,0,0,433,139,7,57,0
1968,3,2,63841.0,0,1,64,635,15,100,20,7,131,1,9,3,9,6,0,0,0,0,0,0,0,434,908,21,58,1
1965,0,3,46891.0,0,1,91,43,12,23,29,15,61,1,2,1,4,4,0,0,0,0,0,0,0,301,183,7,61,0
1969,3,3,70091.0,1,0,11,964,34,137,15,0,11,2,5,2,10,8,0,1,0,0,0,0,0,455,1161,17,57,1
1972,4,3,78075.0,0,0,72,572,8,259,34,35,80,1,3,5,5,1,0,0,0,0,0,0,0,85,988,13,54,1
1961,0,6,59184.0,0,1,6,341,142,113,259,151,66,3,6,6,12,5,0,0,0,0,0,0,0,658,1072,24,65,1
1977,2,3,54809.0,1,1,0,63,6,57,13,13,22,4,2,1,5,4,0,0,0,0,0,0,0,291,174,8,49,0
1959,2,3,58113.0,0,1,66,221,104,169,102,78,84,3,9,2,8,7,0,0,0,0,0,1,0,520,758,19,67,1
1958,3,3,51412.0,0,1,42,140,3,29,4,5,14,2,3,2,4,4,0,0,0,0,0,0,0,180,195,9,68,0
1979,2,2,15287.0,1,0,60,1,2,8,4,3,13,2,1,1,2,7,1,0,0,0,0,0,1,627,31,4,47,0
1957,3,5,66636.0,0,0,64,291,10,689,84,10,0,1,3,4,9,1,0,0,0,0,0,0,0,316,1084,16,69,1
1956,3,3,50965.0,0,1,87,544,13,85,8,6,29,3,10,4,5,8,1,0,0,0,0,0,0,494,685,19,70,1
1965,4,3,84618.0,0,0,96,684,100,801,21,66,0,1,6,9,10,2,0,0,1,0,0,0,0,219,1672,25,61,1
1990,2,3,18351.0,0,0,1,1,12,9,0,14,7,1,2,0,3,7,0,0,0,0,0,0,0,243,43,5,36,0
1957,4,5,40451.0,0,2,54,35,0,4,0,0,10,1,1,1,2,5,1,0,0,0,0,0,0,133,49,4,69,0
1965,2,5,36317.0,0,1,53,87,3,25,3,2,13,2,3,0,4,7,0,0,0,0,0,0,0,403,133,7,61,0
1957,2,5,42213.0,0,1,96,309,3,24,4,3,20,2,5,1,7,7,0,1,0,0,0,0,0,260,363,13,69,0
1955,2,5,65748.0,0,1,58,172,73,93,95,78,34,2,2,4,10,1,0,0,0,0,0,1,0,440,545,16,71,1
1972,2,5,77044.0,0,1,12,625,38,242,50,34,76,2,7,11,11,4,1,0,0,0,0,0,0,245,1065,29,54,1
1969,2,5,74918.0,0,0,78,972,59,913,25,19,59,1,5,9,6,3,0,0,1,0,0,0,0,474,2047,20,57,1
1972,2,3,56721.0,1,1,64,157,6,39,6,13,75,5,4,1,5,6,0,0,0,0,0,0,0,606,296,10,54,0
1975,2,4,42160.0,1,1,26,48,9,45,3,15,20,4,2,1,4,6,0,0,0,0,0,0,1,366,140,7,51,0
1965,2,4,61559.0,0,1,8,279,83,88,32,14,34,1,4,2,10,3,0,0,0,0,0,0,0,347,530,16,61,1
1963,4,5,33629.0,1,1,49,132,0,16,0,0,4,5,3,1,4,9,0,0,0,0,0,0,0,690,152,8,63,0
1991,4,5,68682.0,0,0,56,919,0,505,99,30,45,1,4,9,10,2,0,0,0,0,0,0,0,266,1598,23,35,1
1963,2,4,34377.0,0,1,55,62,0,22,3,1,26,2,2,2,2,7,0,0,0,0,0,0,0,526,114,6,63,0
1986,1,4,8940.0,1,0,25,1,45,3,4,6,42,3,3,1,3,8,0,0,0,0,0,0,0,676,101,7,40,0
1973,2,3,26228.0,1,0,50,2,6,4,3,1,9,1,1,0,2,8,0,0,0,0,0,0,0,280,25,3,53,0
1957,0,2,77297.0,0,0,84,408,61,109,48,122,41,1,5,7,9,4,0,0,0,1,0,0,0,519,789,21,69,1
1981,2,3,40211.0,1,1,30,51,1,7,2,1,25,2,2,1,2,8,1,0,0,0,0,0,0,334,87,5,45,0
1958,4,6,33438.0,1,1,81,62,1,16,3,2,6,4,2,1,4,5,0,0,0,0,0,0,0,280,90,7,68,0
1959,4,3,75032.0,0,1,74,952,12,180,47,12,12,2,5,4,9,3,0,0,0,0,0,0,0,427,1215,18,67,1
1955,4,4,61284.0,0,0,76,618,15,106,20,7,45,1,11,2,8,6,0,1,0,0,0,0,0,260,811,21,71,1
1986,2,3,22518.0,1,0,36,11,7,12,2,2,27,2,2,1,2,5,1,0,0,0,0,0,1,615,61,5,40,0
1975,3,3,54730.0,0,1,64,318,3,17,4,7,56,5,4,1,8,4,0,0,0,0,0,0,0,318,405,13,51,0
1955,3,3,38452.0,1,1,62,56,0,14,0,0,2,3,3,0,3,7,0,0,0,0,0,0,0,91,72,6,71,0
1971,2,2,44421.0,1,1,53,110,5,59,7,1,7,5,5,0,4,8,0,0,0,0,0,0,0,499,189,9,55,0
1986,4,5,38197.0,1,0,86,23,0,11,2,1,3,1,1,0,3,5,0,0,0,0,0,0,0,365,40,4,40,0
1978,2,2,41986.0,0,1,15,27,5,8,8,3,12,3,3,0,4,4,0,0,0,0,0,0,0,140,63,7,48,0
1983,2,5,28427.0,1,0,67,18,3,19,3,3,6,2,2,0,3,8,0,0,0,0,0,0,0,465,52,5,43,0
1976,4,5,37395.0,1,0,47,18,0,9,0,1,11,1,1,0,3,6,0,0,0,0,0,0,0,58,39,4,50,0
1971,2,3,64722.0,1,0,47,303,0,280,60,147,15,4,8,2,11,6,0,0,0,0,0,0,0,34,805,21,55,1
1956,3,5,55249.0,0,1,81,97,1,19,2,0,11,1,2,1,4,3,0,0,0,0,0,0,0,73,130,7,70,0
1972,2,5,84906.0,0,0,98,997,15,414,99,30,76,1,5,6,12,2,0,1,1,0,1,0,0,268,1631,23,54,1
1989,2,3,28691.0,1,0,56,5,4,13,8,0,4,1,1,0,3,8,0,0,0,0,0,0,0,360,34,4,37,0
1952,2,4,44213.0,1,1,48,95,11,35,0,4,7,4,2,1,5,6,0,0,0,0,0,0,0,212,152,8,74,0
1984,1,4,25707.0,1,0,18,1,6,2,3,6,3,1,1,0,3,7,0,0,0,0,0,0,0,162,21,4,42,0
1967,4,3,59062.0,2,1,74,46,1,12,3,0,9,2,2,0,3,4,0,0,0,0,0,0,0,269,71,5,59,0
1962,2,4,76624.0,0,1,68,411,106,147,54,115,66,1,5,10,7,1,1,0,0,0,0,0,0,36,899,22,64,1
1947,3,5,66000.0,0,0,36,244,51,270,101,0,45,1,1,3,5,1,0,0,0,0,0,0,0,70,711,9,79,1
1978,4,5,27683.0,1,0,90,152,9,121,12,12,45,4,6,2,4,8,0,0,0,0,0,0,0,694,351,12,48,0
1971,2,2,1730.0,0,0,65,1,1,3,1,1,1,15,0,0,0,20,0,0,0,0,0,0,0,42,8,0,55,0
1992,1,4,7500.0,1,0,63,10,17,18,8,26,40,4,3,2,2,9,0,0,0,0,0,0,0,573,119,7,34,0
1968,2,5,40521.0,1,1,82,12,0,5,0,0,4,1,0,1,2,5,0,0,0,0,0,0,0,450,21,3,58,0
1973,4,5,20427.0,1,0,63,5,0,4,0,0,1,1,1,0,2,8,0,0,0,0,0,0,0,97,10,3,53,0
1975,2,3,65106.0,0,1,55,790,19,133,12,0,19,3,8,3,13,6,0,1,0,0,0,0,0,36,973,24,51,1
1965,4,3,69969.0,0,0,64,882,29,514,38,29,44,1,4,2,6,3,0,0,1,1,0,0,1,306,1536,12,61,1
1952,2,3,67433.0,0,2,51,615,28,259,12,48,30,4,6,5,13,4,0,1,0,0,0,0,0,348,992,24,74,1
1967,4,3,77766.0,0,1,97,1004,59,265,115,59,27,2,11,10,11,6,1,0,0,0,0,0,1,492,1529,32,59,1
1972,2,3,74716.0,0,1,92,133,27,421,13,195,71,2,7,3,5,4,0,0,0,0,0,0,0,290,860,15,54,1
1963,2,2,68118.0,0,1,51,595,23,123,10,23,154,2,8,9,4,6,0,0,0,0,0,0,0,254,928,21,63,1
1970,4,3,55158.0,1,1,72,293,0,87,4,11,23,4,7,2,5,7,0,0,0,0,0,0,1,699,418,14,56,0
1955,0,3,62972.0,0,1,39,313,15,47,20,0,192,2,7,4,3,6,0,0,0,0,0,0,1,695,587,14,71,1
1975,2,3,74190.0,0,1,49,151,81,86,168,91,64,2,4,2,11,2,0,0,0,0,0,0,0,48,641,17,51,1
1976,2,3,39356.0,1,1,21,15,0,2,0,0,6,1,1,0,2,6,1,0,0,0,0,0,0,102,23,3,50,0
1969,2,5,76653.0,0,0,91,736,63,946,219,189,126,1,4,7,11,2,0,0,1,1,0,0,0,317,2279,22,57,1
1973,4,2,35860.0,1,1,37,15,0,8,4,2,20,2,1,1,2,5,1,0,0,0,0,0,0,41,49,4,53,0
1983,4,2,90687.0,0,0,98,982,17,672,23,34,51,1,6,2,8,2,0,0,1,0,0,0,1,403,1779,16,43,1
1982,3,5,73450.0,0,0,85,1142,51,415,90,69,37,1,7,8,11,3,1,0,0,1,0,0,0,206,1804,26,44,1
1960,2,3,31454.0,1,1,40,28,0,11,0,0,9,3,2,0,3,8,0,0,0,0,0,0,0,358,48,5,66,0
1952,2,4,47139.0,1,1,2,46,0,12,0,2,23,2,2,1,2,7,0,0,0,0,0,0,1,115,83,5,74,0
1975,2,2,83829.0,0,0,78,897,161,430,186,161,27,0,4,7,6,1,1,0,1,1,0,0,1,264,1862,17,51,1
1963,4,3,53378.0,1,1,41,489,6,152,8,6,132,10,9,4,6,8,0,0,0,0,0,0,1,643,793,19,63,1
1970,2,5,19656.0,1,0,94,25,4,9,6,8,32,3,2,1,3,7,0,0,0,0,0,0,0,506,84,6,56,0
1948,4,3,45579.0,0,1,10,145,1,33,2,1,1,1,4,1,4,6,0,0,0,0,0,0,0,313,183,9,78,0
1958,0,4,85485.0,0,0,73,630,26,611,44,18,54,1,6,6,6,2,0,0,0,0,0,0,0,8,1383,18,68,1
1944,2,3,55956.0,0,0,22,760,38,104,50,9,38,2,7,3,4,4,0,1,0,0,0,0,0,83,999,14,82,1
1963,3,4,64191.0,0,1,30,420,15,186,151,38,15,3,5,3,13,3,0,0,0,0,0,0,0,523,825,21,63,1
1972,2,4,38808.0,1,0,21,125,17,52,3,19,30,4,5,1,4,8,1,0,0,0,0,0,1,672,246,10,54,0
1966,3,3,57183.0,1,1,51,464,5,64,7,0,70,8,9,1,7,8,0,0,0,0,0,0,0,467,610,17,60,0
1968,3,2,23748.0,1,0,97,6,6,29,12,15,8,3,2,1,3,8,0,0,0,0,0,0,0,585,76,6,58,0
1971,2,3,66303.0,0,1,56,1090,12,96,16,12,60,4,3,4,11,8,0,1,0,0,0,0,0,488,1286,18,55,1
1975,3,3,37368.0,1,0,4,3,2,11,2,2,10,1,1,0,2,6,1,0,0,0,0,0,0,195,30,3,51,0
1964,2,3,40800.0,1,2,77,24,0,27,8,30,10,2,3,0,3,7,0,0,0,0,0,1,0,544,99,6,62,0
1978,2,2,71847.0,0,0,95,737,21,106,55,63,210,0,6,7,9,3,0,0,0,1,0,0,0,646,1192,22,48,1
1975,2,3,46149.0,0,1,36,254,6,71,4,0,27,5,5,1,7,5,0,0,0,0,0,0,0,212,362,13,51,0
1983,2,5,78687.0,0,0,13,817,185,687,145,55,241,1,4,6,8,2,0,0,1,0,0,0,1,689,2130,18,43,1
1971,0,2,49118.0,0,0,90,620,54,239,99,98,119,2,9,7,10,7,0,1,0,0,1,0,1,680,1229,26,55,1
1957,4,3,37633.0,1,1,49,13,4,20,0,0,1,2,1,0,3,9,0,0,0,0,0,0,0,647,38,4,69,0
1951,3,5,39767.0,0,0,18,113,61,204,34,26,47,2,7,1,7,8,0,0,0,0,0,0,0,343,485,15,75,0
1951,1,3,26997.0,0,0,89,7,23,78,133,49,144,2,4,2,5,7,0,0,0,0,0,0,0,601,434,11,75,0
1970,2,2,33986.0,1,0,43,16,2,18,2,1,5,1,1,0,3,7,0,0,0,0,0,0,0,472,44,4,56,0
1972,4,3,57091.0,0,1,82,462,0,24,6,0,4,2,9,2,5,7,0,1,0,0,0,0,1,583,496,16,54,0
1969,0,3,46831.0,1,1,84,22,2,10,6,4,34,2,1,2,2,4,0,0,0,0,0,0,0,386,78,5,57,0
1972,3,3,83151.0,0,0,80,968,147,842,137,42,210,1,5,7,10,2,1,0,1,1,0,0,1,504,2346,22,54,1
1971,2,3,52531.0,0,0,68,283,112,151,51,72,125,2,7,2,10,6,0,0,0,0,0,0,0,546,794,19,55,1
1956,2,3,15759.0,0,0,12,1,2,5,6,0,3,1,1,0,2,7,0,0,0,0,0,0,0,297,17,3,70,0
1971,2,4,22804.0,1,0,75,14,1,7,2,1,1,1,2,0,2,9,0,0,0,0,0,0,0,333,26,4,55,0
1973,0,3,43050.0,1,0,10,30,5,24,6,3,8,2,2,0,4,5,0,0,0,0,0,0,0,103,76,6,53,0
1977,4,4,42997.0,1,1,91,4,0,5,0,1,5,1,1,0,2,7,0,0,0,0,0,0,0,204,15,3,49,0
1963,4,4,48918.0,1,1,21,52,0,9,0,0,1,2,1,0,4,4,0,0,0,0,0,0,0,78,62,5,63,0
1954,3,5,60033.0,0,1,28,62,1,57,19,11,48,2,2,1,5,2,0,0,0,0,0,0,0,92,198,8,72,0
1978,4,5,34043.0,1,0,97,20,2,14,3,0,10,1,2,0,2,9,0,0,0,0,0,0,0,247,49,4,48,0
1966,2,5,57811.0,0,1,49,545,7,114,37,21,78,5,7,2,11,5,0,1,0,0,0,0,0,370,802,20,60,1
1946,2,3,78569.0,0,0,14,558,79,622,207,175,95,1,4,6,4,1,0,0,1,0,0,0,1,130,1736,14,80,1
1978,2,4,7500.0,1,1,5,6,5,4,13,4,25,4,2,1,3,6,0,0,0,0,0,0,0,549,57,6,48,0
1971,3,5,157733.0,1,0,37,39,1,9,2,0,8,0,1,0,1,1,0,0,0,0,0,0,0,390,59,2,55,0
1953,2,5,94384.0,0,0,62,1111,24,790,160,45,172,0,5,8,5,2,0,1,1,1,0,0,1,482,2302,18,73,1
1985,0,3,23148.0,0,0,83,4,6,8,6,3,10,1,2,0,3,7,0,0,0,0,0,0,0,131,37,5,41,0
1970,2,2,44267.0,1,1,48,183,5,65,3,5,49,5,5,2,4,9,0,0,0,0,0,0,0,489,310,11,56,0
1979,2,3,71626.0,0,0,94,546,72,376,94,145,72,1,5,5,8,3,0,1,0,0,0,0,0,605,1305,18,47,1
1966,2,5,60894.0,0,1,61,606,7,155,10,0,54,5,10,3,8,7,0,0,0,0,0,0,0,366,832,21,60,1
1976,2,5,50200.0,1,1,70,266,6,51,8,6,64,6,7,1,5,8,0,0,0,0,0,0,0,452,401,13,50,0
1965,4,3,81051.0,0,0,43,1142,29,249,38,29,14,1,5,5,12,2,0,1,1,0,0,0,0,37,1501,22,61,1
1982,2,3,65169.0,0,0,23,1074,0,69,0,0,46,1,10,4,13,6,1,0,1,1,1,0,1,166,1189,27,44,1
1972,2,5,59868.0,0,1,37,771,51,154,54,10,154,7,11,2,12,6,0,0,0,0,0,0,0,342,1194,25,54,1
1960,4,3,65695.0,0,1,50,371,32,189,0,58,6,2,5,4,10,4,0,0,0,0,0,0,0,149,656,19,66,1
1956,3,4,64857.0,0,0,78,556,14,717,210,0,43,1,7,5,10,4,0,0,0,0,0,0,0,583,1540,22,70,1
1965,3,5,45143.0,0,1,74,202,5,74,11,5,14,3,6,1,5,7,0,0,0,0,0,0,0,307,311,12,61,0
1955,0,5,74805.0,0,1,14,209,162,209,41,162,37,5,4,7,10,2,0,0,0,0,0,0,0,235,820,21,71,1
1989,0,3,59060.0,1,0,77,35,40,111,36,40,12,3,3,1,7,4,0,0,0,0,0,0,0,169,274,11,37,0
1962,4,4,27238.0,1,1,39,37,0,17,0,0,3,3,3,0,3,9,0,0,0,0,0,0,0,435,57,6,64,0
1965,2,5,47009.0,0,1,89,171,45,73,59,10,90,4,3,2,8,4,0,0,0,0,0,0,0,271,448,13,61,0
1973,0,3,46094.0,1,1,62,12,2,20,3,2,5,1,1,0,3,7,0,0,0,0,0,0,0,19,44,4,53,0
1972,2,3,40321.0,1,1,59,44,4,21,6,0,27,2,3,0,3,7,0,0,0,0,0,0,0,335,102,6,54,0
1984,2,5,37235.0,1,0,68,20,2,9,4,6,20,1,1,1,2,4,0,0,0,0,0,0,0,148,61,4,42,0
1960,3,3,81843.0,0,0,13,779,86,537,34,69,138,1,5,9,12,3,0,0,0,0,0,0,0,433,1643,26,66,1
1958,3,5,46692.0,0,1,37,170,6,97,24,12,88,3,6,1,5,6,0,0,0,0,0,0,0,388,397,12,68,0
1968,2,5,77382.0,0,1,36,491,48,231,112,105,134,2,5,7,12,1,0,0,1,0,0,0,0,173,1121,24,58,1
1977,2,4,37774.0,2,0,28,173,8,107,7,2,176,4,7,2,3,9,1,0,0,0,0,1,1,664,473,12,49,0
1974,1,3,18393.0,1,0,2,7,10,13,16,0,4,2,3,0,3,8,0,0,0,0,0,0,0,92,50,6,52,0
1962,3,3,72828.0,0,1,17,1205,0,235,19,14,205,6,6,3,13,7,0,0,0,0,0,0,0,500,1678,22,64,1
1982,2,3,24711.0,0,0,86,10,7,25,6,3,7,1,3,0,3,7,0,0,0,0,0,0,0,72,58,6,44,0
1975,4,3,45503.0,1,0,54,97,4,44,6,1,18,1,3,1,4,5,0,0,0,0,0,0,0,277,170,8,51,0
1982,3,4,6560.0,0,0,2,67,11,26,4,3,262,0,1,0,1,17,0,0,0,0,0,0,0,199,373,2,44,0
1945,4,5,71604.0,0,0,3,345,53,528,98,75,97,1,8,3,5,4,1,0,0,0,0,0,1,224,1196,16,81,1
1979,2,3,27244.0,1,0,84,6,5,17,3,24,46,2,2,2,2,7,0,0,0,0,0,0,0,114,101,6,47,0
1969,2,3,48752.0,1,1,8,73,57,100,71,15,0,5,6,1,5,9,0,0,0,0,0,0,1,564,316,12,57,0
1962,2,3,71434.0,0,1,4,711,36,217,172,96,168,3,7,4,7,4,0,1,0,1,0,0,0,284,1400,18,64,1
1948,2,4,90842.0,0,0,57,774,70,118,182,187,93,1,4,9,13,1,0,0,0,0,0,0,0,335,1424,26,78,1
1978,3,3,88097.0,1,0,24,163,0,480,0,126,75,1,6,5,8,9,0,1,1,1,0,0,1,680,844,19,48,1
1975,2,3,51948.0,0,1,51,82,33,54,71,30,41,2,5,2,4,5,0,0,0,0,0,0,0,285,311,11,51,0
1982,2,5,71853.0,0,0,29,358,108,413,141,97,32,1,2,8,6,1,0,0,0,0,0,0,0,417,1149,16,44,1
1983,3,3,35876.0,0,0,13,66,2,40,4,3,14,1,3,1,3,6,0,0,0,0,0,0,0,70,129,7,43,0
1952,2,6,40049.0,0,1,23,13,6,7,0,3,3,1,1,0,3,6,0,0,0,0,0,0,0,256,32,4,74,0
1982,2,4,39660.0,1,0,36,139,13,78,20,13,36,3,7,1,3,9,0,0,0,0,0,0,1,690,299,11,44,0
1962,2,5,50127.0,0,1,88,274,0,21,4,6,15,1,5,1,6,6,0,1,0,0,0,0,0,31,320,12,64,0
1977,3,3,43263.0,0,1,2,262,6,61,0,10,102,3,5,2,6,5,0,0,0,0,0,0,0,585,441,13,49,0
1949,3,3,62845.0,1,1,3,1099,0,45,0,0,34,11,3,4,10,8,0,1,0,0,0,0,1,636,1178,17,77,1
1990,2,3,18929.0,0,0,15,32,0,8,23,4,18,1,1,0,4,6,0,0,0,0,0,0,0,498,85,5,36,0
1982,1,4,24367.0,1,0,58,2,4,2,0,11,5,1,1,0,2,9,0,0,0,0,0,0,0,466,24,3,44,0
1975,2,4,33249.0,1,0,11,6,10,21,19,14,42,2,2,1,3,6,0,0,0,0,0,0,0,494,112,6,51,0
1959,0,3,26887.0,0,1,27,6,7,4,3,4,6,1,1,0,3,6,0,0,0,0,0,0,0,504,30,4,67,0
1983,4,3,50150.0,0,0,32,135,46,92,65,61,11,2,5,2,7,5,0,0,0,0,0,0,0,374,410,14,43,0
1976,2,5,62061.0,0,1,12,641,7,84,0,30,38,3,10,4,7,6,0,1,0,0,0,0,0,302,800,21,50,1
1962,4,2,85696.0,0,0,88,714,76,395,116,0,12,1,4,6,9,1,0,0,0,0,0,0,1,422,1313,19,64,1
1956,4,5,76542.0,0,0,91,794,73,573,0,29,14,1,4,8,10,2,0,0,0,0,0,0,0,456,1483,22,70,1
1993,2,4,70515.0,0,0,12,420,0,452,182,64,140,1,6,6,4,2,0,0,0,0,0,0,1,251,1258,16,33,1
1987,2,5,18227.0,1,0,21,1,2,7,4,3,11,1,0,1,2,8,0,0,0,0,0,0,0,598,28,3,39,0
1965,2,3,69139.0,0,1,23,86,12,75,33,15,6,1,4,1,5,4,0,0,0,0,0,0,0,153,227,10,61,0
1982,2,3,69109.0,0,0,10,823,25,459,124,29,95,1,6,6,7,4,0,0,1,0,0,0,1,597,1555,19,44,1
1962,2,4,69627.0,0,1,35,231,161,215,171,30,53,2,8,2,11,5,0,0,0,0,0,0,0,469,861,21,64,1
1978,2,3,38136.0,1,0,69,8,15,27,0,20,33,2,3,1,2,8,1,0,0,0,0,0,0,433,103,6,48,0
1946,4,4,62159.0,0,0,68,182,17,259,77,70,29,1,6,2,10,4,0,0,0,0,0,0,0,62,634,18,80,1
1963,2,4,80695.0,0,0,85,557,129,984,193,37,18,1,5,8,5,2,0,0,0,0,0,0,0,182,1918,18,63,1
1971,3,4,33316.0,1,1,34,79,1,31,4,4,12,3,2,1,4,6,0,0,0,0,0,0,0,268,131,7,55,0
1968,2,5,58554.0,1,1,55,368,24,68,38,0,88,6,8,2,6,7,0,0,0,0,0,0,0,641,586,16,58,0
1992,1,3,17256.0,1,0,10,6,4,14,8,8,22,2,2,1,2,8,1,0,0,0,0,0,0,218,62,5,34,0
1974,2,2,53034.0,1,1,30,160,15,196,15,11,50,8,6,1,7,8,0,0,0,0,0,0,0,395,447,14,52,0
1950,0,5,52203.0,0,0,36,488,21,238,56,108,28,1,8,7,11,6,0,0,0,0,0,0,0,698,939,26,76,1
1977,0,2,59601.0,0,1,14,691,7,69,0,7,23,4,2,2,7,8,0,1,0,0,0,0,0,339,797,11,49,0
1958,3,4,75154.0,0,1,79,543,10,205,160,143,82,1,6,3,6,3,0,0,0,0,0,0,1,663,1143,15,68,1
1976,2,4,47025.0,0,1,52,254,7,108,20,0,26,3,6,3,5,6,0,0,0,0,0,0,0,234,415,14,50,0
1973,2,3,37971.0,1,0,97,5,4,10,2,2,7,1,1,0,3,8,0,0,0,0,0,0,0,216,30,4,53,0
1968,3,2,41335.0,1,0,24,112,19,21,16,14,5,3,4,1,4,7,0,0,0,0,0,0,0,185,187,9,58,0
1958,2,3,67267.0,0,1,0,134,11,59,15,2,30,1,3,2,5,2,0,0,0,0,0,0,0,47,251,10,68,0
1975,2,4,57338.0,0,1,96,143,6,52,11,8,17,2,4,1,5,5,0,0,0,0,0,0,0,61,237,10,51,0
1960,0,5,50523.0,1,1,89,51,4,24,4,7,1,2,2,0,4,6,0,0,0,0,0,0,0,186,91,6,66,0
1965,3,4,35791.0,2,1,94,27,0,5,0,0,3,2,1,0,3,8,0,0,0,0,0,0,0,419,35,4,61,0
1960,4,2,50611.0,0,1,98,459,0,24,6,0,4,6,4,5,7,6,0,1,0,0,0,0,0,633,493,16,66,0
1969,4,3,56242.0,0,1,72,689,8,167,11,8,88,5,8,4,11,6,0,0,0,0,0,0,0,483,971,23,57,1
1960,2,4,48904.0,0,1,1,283,10,38,0,13,27,4,7,2,4,8,0,0,0,0,0,0,0,574,371,13,66,0
1975,2,4,56243.0,1,2,26,347,0,35,4,3,7,6,4,2,8,5,0,0,0,0,0,0,0,181,396,14,51,0
1985,2,3,21355.0,1,0,5,5,13,14,0,5,31,2,2,1,2,6,1,0,0,0,0,0,1,313,68,5,41,0
1971,3,5,57420.0,0,1,22,280,0,18,0,0,24,3,5,1,6,7,0,1,0,0,0,0,0,369,322,12,55,0
1970,3,5,51381.5,0,1,39,187,5,65,26,20,14,2,4,2,6,5,0,0,0,0,0,0,0,454,317,12,56,0
1955,3,2,46390.0,0,1,56,95,14,64,2,9,38,1,4,2,3,7,0,0,0,0,0,0,0,55,222,9,71,0
1956,0,5,54342.0,1,1,74,84,10,34,11,10,28,4,3,1,4,6,0,0,0,0,0,0,0,361,177,8,70,0
1958,2,5,51381.5,1,1,87,19,4,12,2,2,6,1,1,0,3,5,0,0,0,0,0,0,0,664,45,4,68,0
1964,0,4,51381.5,1,1,49,5,1,9,2,0,4,1,1,0,2,7,0,0,0,0,0,0,0,168,21,3,62,0
1973,2,3,20895.0,1,0,24,18,3,17,3,0,4,1,2,0,3,9,0,0,0,0,0,0,0,631,45,5,53,0
1948,2,3,92344.0,0,0,9,992,24,694,51,19,119,0,5,10,5,1,1,0,1,0,0,0,0,165,1899,20,78,1
1972,4,5,51381.5,1,0,17,25,1,13,0,0,3,1,1,0,3,7,0,0,0,0,0,0,0,119,42,4,54,0
1976,0,5,26907.0,1,1,10,9,1,7,0,3,2,2,1,0,3,7,0,0,0,0,0,0,0,313,22,4,50,0
1980,2,5,44964.0,1,1,35,19,1,17,2,0,2,1,1,0,3,8,0,0,0,0,0,0,0,560,41,4,46,0
1979,2,5,75507.0,0,0,56,709,93,374,104,80,80,1,8,6,6,3,0,0,0,0,0,0,0,58,1440,20,47,1
1972,3,3,53761.0,1,1,7,158,0,76,13,7,71,6,4,4,3,5,0,0,0,0,0,0,0,261,325,11,54,0
1973,2,5,22682.0,1,0,51,10,14,29,4,2,36,3,2,1,4,4,0,0,0,0,0,0,0,269,95,7,53,0
1972,4,5,38887.0,1,0,17,25,1,13,0,0,3,1,1,0,3,7,0,0,0,0,0,0,0,119,42,4,54,0
1975,0,4,41658.0,1,1,30,8,4,12,15,4,29,2,1,1,2,4,0,0,0,0,0,0,0,597,72,4,51,0
1972,4,3,29791.0,1,0,21,14,0,6,0,0,0,2,2,0,3,5,0,0,0,0,0,0,0,45,20,5,54,0
1956,3,3,63915.0,0,2,2,622,7,115,30,0,15,2,6,3,12,5,0,0,0,0,0,0,0,334,789,21,70,1
1974,2,2,39996.0,1,1,85,11,0,3,0,0,1,1,1,0,2,6,0,0,0,0,0,0,0,38,15,3,52,0
1972,2,2,26759.0,1,0,65,25,3,16,8,5,2,2,2,1,3,6,0,0,0,0,0,0,0,142,59,6,54,0
1968,3,2,63841.0,0,1,64,635,15,100,20,7,131,1,9,3,9,6,0,0,0,0,0,0,0,434,908,21,58,1
1969,4,3,51039.0,1,1,11,100,64,79,65,0,109,2,6,2,4,7,0,0,0,0,0,0,0,566,417,12,57,0
1961,2,3,60544.0,1,1,92,201,2,43,3,5,35,4,5,1,5,6,0,0,0,0,0,0,0,673,289,11,65,0
1972,2,3,65685.0,0,1,54,642,14,49,0,7,57,1,9,2,9,5,0,0,0,0,0,0,0,92,769,20,54,1
1953,2,3,37716.0,0,1,4,97,1,41,6,2,41,2,4,1,3,7,0,0,0,0,0,0,0,69,188,8,73,0
1957,2,4,36864.0,0,1,53,204,5,39,17,0,89,3,5,2,4,8,0,0,0,0,0,0,1,685,354,11,69,0
1970,3,3,44511.0,1,0,39,513,7,133,46,14,14,6,8,4,8,8,0,0,0,0,0,0,0,625,727,20,56,0
1967,4,3,36947.0,1,1,49,88,3,21,4,1,29,4,3,0,4,9,0,0,0,0,0,0,0,691,146,7,59,0
1951,3,5,47352.0,0,1,70,172,12,112,8,0,15,4,6,1,5,7,0,0,0,0,0,0,0,444,319,12,75,0
1953,3,3,67087.0,0,1,40,329,35,222,130,35,43,2,7,5,8,4,0,0,0,0,0,0,0,194,794,20,73,1
1950,2,3,57045.0,0,1,40,296,13,104,11,13,17,3,4,2,9,3,0,0,0,0,0,0,0,659,454,15,76,0
1953,4,2,36957.0,1,1,43,100,2,16,2,1,31,4,3,2,2,9,0,0,0,0,0,0,1,661,152,7,73,0
1977,4,3,69389.0,0,1,17,422,7,238,69,46,15,1,7,2,12,4,0,0,0,0,0,0,0,639,797,21,49,1
1972,2,3,80134.0,1,0,40,1218,16,272,104,0,80,2,5,3,6,6,0,1,1,1,0,0,1,405,1690,14,54,1
1969,3,3,43142.0,1,1,84,5,1,7,2,1,4,1,1,0,2,7,0,0,0,0,0,0,0,131,20,3,57,0
1944,2,3,80589.0,0,0,25,507,93,520,242,40,26,1,5,10,5,1,0,0,0,1,0,0,1,158,1428,20,82,1
1990,2,4,34412.0,1,0,62,52,12,50,4,36,55,3,5,0,3,9,0,0,0,0,0,0,0,501,209,8,36,0
1979,2,4,57537.0,1,0,83,191,56,139,51,8,100,4,4,3,8,4,0,0,0,0,0,0,0,384,545,15,47,0
1966,1,5,22634.0,0,0,47,2,23,11,8,6,46,1,2,1,2,8,0,0,0,0,0,0,0,529,96,5,60,0
1948,2,5,51315.0,0,0,45,68,28,39,16,30,41,1,2,2,5,2,0,0,0,0,0,0,0,126,222,9,78,0
1972,2,3,36026.0,2,1,34,20,4,10,6,4,17,2,2,0,3,6,0,0,0,0,0,0,0,105,61,5,54,0
1973,2,3,24639.0,1,1,3,20,3,16,0,4,1,3,2,0,4,6,0,0,0,0,0,0,0,152,44,6,53,0
1972,4,5,34578.0,2,1,1,7,0,1,0,0,0,1,1,0,2,6,0,0,0,0,0,0,0,79,8,3,54,0
1972,0,4,65704.0,0,0,18,279,172,74,38,8,246,1,2,10,10,1,0,0,0,0,0,0,0,259,817,22,54,1
1966,2,4,63810.0,0,1,45,977,12,253,16,12,101,4,4,3,12,8,0,1,0,0,0,0,0,595,1371,19,60,1
1969,4,5,54132.0,0,1,81,30,1,8,0,0,3,1,1,0,3,7,0,0,0,0,0,0,0,133,42,4,57,0
1959,2,3,18690.0,0,0,77,6,1,7,23,4,19,1,1,1,2,8,0,0,0,0,0,0,0,548,60,4,67,0
1970,2,3,28164.0,1,0,23,3,18,26,11,8,12,3,2,0,4,7,0,0,0,0,0,0,0,421,78,6,56,0
1974,4,3,34596.0,1,0,48,14,0,2,0,0,7,1,1,0,2,8,0,0,0,0,0,0,0,442,23,3,52,0
1972,4,3,43269.0,1,0,61,10,1,7,0,0,1,1,1,0,2,8,0,0,0,0,0,0,0,286,19,3,54,0
1958,0,4,38741.0,1,1,60,7,10,17,8,6,13,2,2,0,3,7,0,0,0,0,0,0,0,91,61,5,68,0
1972,2,4,31907.0,0,0,75,33,87,64,175,16,74,1,6,1,6,7,0,0,0,0,0,0,0,482,449,13,54,0
1983,3,3,27100.0,1,0,64,12,0,13,2,0,10,1,1,0,3,7,0,0,0,0,0,0,0,450,37,4,43,0
1973,0,2,31163.0,1,0,54,2,3,10,11,2,10,1,1,0,3,6,0,0,0,0,0,0,0,136,38,4,53,0
1985,2,3,92533.0,0,0,84,693,21,118,110,147,42,1,6,5,11,2,0,0,1,1,0,0,0,192,1131,22,41,1
1973,2,4,34853.0,1,1,75,9,3,15,2,3,2,2,2,0,3,6,0,0,0,0,0,0,0,188,34,5,53,0
1967,2,2,70844.0,1,1,16,129,26,67,3,67,2,5,6,1,5,7,0,0,0,0,0,0,0,242,294,12,59,0
1979,0,3,31086.0,1,1,79,16,2,11,3,0,16,2,1,1,2,8,1,0,0,0,0,0,0,421,48,4,47,0
1961,2,3,60544.0,1,1,92,201,2,43,3,5,35,4,5,1,5,6,0,0,0,0,0,0,0,673,289,11,65,0
1986,0,5,20491.0,0,0,16,5,4,5,4,2,10,1,0,1,2,7,0,0,0,0,0,0,0,520,30,3,40,0
1964,2,3,42523.0,0,0,96,14,36,11,3,26,35,1,1,1,4,2,0,0,0,0,0,0,0,67,125,6,62,0
1983,2,3,39922.0,1,0,30,29,12,59,19,1,36,2,3,0,4,8,0,0,0,0,0,0,0,500,156,7,43,0
1952,2,5,33402.0,1,1,60,26,2,19,10,5,8,3,2,1,3,8,0,0,0,0,0,0,0,346,70,6,74,0
1949,3,3,36408.0,1,1,11,9,1,4,3,2,3,1,1,0,2,6,0,0,0,0,0,0,0,281,22,3,77,0
1979,2,5,21645.0,1,0,75,14,0,23,4,5,19,3,3,0,3,9,0,0,0,0,0,0,1,664,65,6,47,0
1948,3,6,78427.0,0,0,36,972,19,595,180,26,138,3,3,7,10,3,0,0,0,1,0,0,1,613,1930,20,78,1
1946,2,5,82657.0,0,0,71,966,168,672,246,105,126,1,7,5,10,4,0,1,0,1,0,0,0,275,2283,22,80,1
1958,2,3,51876.0,0,0,88,99,27,102,28,48,6,1,2,2,8,1,0,0,0,0,0,0,0,257,310,12,68,0
1971,0,3,78041.0,0,0,93,482,35,553,72,160,17,1,4,4,9,2,0,0,0,0,0,0,0,560,1319,17,55,1
1957,2,3,52852.0,0,1,93,714,8,99,11,0,47,4,10,7,5,8,1,0,0,0,0,0,0,575,879,22,69,1
1982,4,5,70038.0,0,0,54,587,54,348,71,54,130,1,4,4,8,2,0,0,0,0,0,0,0,247,1244,16,44,1
1973,0,5,69401.0,0,1,41,399,27,159,58,8,39,4,4,4,5,2,0,0,0,0,0,0,0,98,690,13,53,1
1972,2,5,46053.0,1,0,46,56,10,92,19,7,25,3,3,2,4,5,0,0,0,0,0,0,0,497,209,9,54,0
1965,2,3,77343.0,0,0,28,227,151,573,98,54,31,1,3,4,9,1,0,0,0,0,0,0,0,20,1134,16,61,1
1953,2,4,73892.0,0,0,40,703,102,601,0,58,43,1,3,11,8,1,0,0,0,0,0,0,1,228,1507,22,73,1
1967,4,4,40304.0,1,0,82,37,0,17,0,0,3,1,2,0,3,7,0,0,0,0,0,0,0,272,57,5,59,0
1965,4,5,32727.0,0,0,38,167,13,180,86,13,70,2,7,3,5,8,0,0,0,0,0,0,0,670,529,15,61,0
1969,2,5,68695.0,0,0,3,458,81,356,106,50,40,1,4,4,7,2,0,0,0,0,0,0,0,4,1091,15,57,1
1971,2,2,43300.0,0,1,87,91,3,52,2,1,31,3,4,0,4,8,0,0,0,0,0,0,1,624,180,8,55,0
1972,2,5,26290.0,1,1,49,15,8,16,11,5,22,4,2,0,4,6,0,0,0,0,0,0,0,533,77,6,54,0
1970,2,4,93790.0,0,0,16,1302,68,731,89,114,45,0,6,7,12,2,0,1,1,1,0,0,1,137,2349,25,56,1
1974,4,3,38410.0,0,0,65,153,64,123,116,64,14,2,5,2,9,6,0,0,0,0,0,0,1,653,534,16,52,1
1950,3,6,64866.0,0,1,9,508,5,21,7,5,10,4,7,3,7,5,0,1,0,0,0,0,0,154,556,17,76,1
1959,2,5,57957.0,0,1,24,290,59,177,77,5,29,7,4,6,8,3,0,0,0,0,0,1,0,314,637,18,67,1
1955,4,5,46015.0,1,1,25,38,0,2,0,0,6,1,1,0,3,7,1,0,0,0,1,0,0,77,46,4,71,0
1978,2,5,16531.0,1,0,43,2,13,6,7,5,11,3,3,0,3,7,0,0,0,0,0,0,0,11,44,6,48,0
1986,3,3,28072.0,1,0,10,30,0,10,2,0,5,1,1,0,3,7,0,0,0,0,0,0,0,356,47,4,40,0
1963,3,2,49476.0,0,1,29,386,23,95,54,41,196,4,2,11,5,2,0,0,0,0,0,0,0,374,795,18,63,1
1953,2,3,50725.0,0,1,45,443,10,75,0,10,48,4,8,1,8,8,0,0,0,0,0,0,0,501,586,17,73,0
1952,2,5,83844.0,0,0,57,901,31,345,75,31,191,1,4,4,11,1,0,0,1,0,0,0,0,413,1574,19,74,1
1950,4,3,41145.0,1,1,20,9,0,3,0,0,1,1,0,0,3,3,0,0,0,0,0,0,0,141,13,3,76,0
1970,2,5,67419.0,0,1,29,846,84,352,91,56,42,4,9,4,8,5,0,0,0,0,0,0,0,529,1471,21,56,1
1970,0,3,23162.0,1,1,82,8,3,9,19,4,22,3,1,1,3,6,0,0,0,0,0,0,0,190,65,5,56,0
1977,2,3,34380.0,1,0,68,72,7,58,13,1,24,4,4,1,3,8,0,0,0,0,0,0,0,423,175,8,49,0
1966,2,4,34704.0,0,1,65,29,0,5,0,1,5,1,1,0,3,5,0,0,0,0,0,0,0,428,40,4,60,0
1969,4,3,94871.0,0,2,99,169,24,553,188,0,144,1,8,5,4,7,0,1,1,0,0,0,1,666,1078,17,57,1
1958,2,3,65148.0,0,1,9,460,35,422,33,12,153,2,6,6,7,4,0,0,0,0,0,0,0,590,1115,19,68,1
1954,2,5,39898.0,0,1,20,69,8,26,12,7,12,2,3,0,4,7,0,0,0,0,0,0,0,502,134,7,72,0
1956,3,4,64857.0,0,0,78,556,14,717,210,0,43,1,7,5,10,4,0,0,0,0,0,0,0,583,1540,22,70,1
1970,4,3,59892.0,0,1,26,73,0,13,0,1,0,1,2,1,3,3,0,0,0,0,0,0,0,239,87,6,56,0
1987,3,4,41020.0,0,0,68,112,1,54,7,7,36,1,3,2,4,3,0,0,0,0,0,0,0,244,217,9,39,0
1961,4,3,57072.0,0,1,79,944,0,60,0,0,30,2,7,5,13,5,1,0,0,0,0,0,0,156,1034,25,65,1
1979,2,4,60474.0,0,1,25,265,199,303,234,9,170,7,10,2,12,7,0,0,0,0,0,0,0,454,1180,24,47,1
1960,2,5,62807.0,0,1,83,526,28,135,10,21,99,3,5,3,12,5,0,0,0,0,0,0,0,667,819,20,66,1
1981,0,5,19414.0,1,0,32,2,3,12,3,5,7,1,1,0,3,8,0,0,0,0,0,0,0,256,32,4,45,0
1980,2,3,19107.0,1,0,49,2,4,9,10,5,16,2,1,0,3,7,0,0,0,0,0,0,0,311,46,4,46,0
1976,0,5,75484.0,0,1,50,378,97,259,197,194,34,2,7,3,6,4,0,0,0,0,0,0,0,696,1159,16,50,1
1976,3,4,70379.0,0,1,84,553,25,142,65,67,8,3,6,3,13,4,0,0,0,0,0,0,0,483,860,22,50,1
1970,3,5,79419.0,0,0,96,751,127,687,20,15,31,1,4,6,4,2,0,0,0,0,0,0,0,7,1631,14,56,1
1946,4,5,64014.0,2,1,56,406,0,30,0,0,8,7,8,2,5,7,0,0,0,1,0,0,0,19,444,15,80,0
1955,2,3,76998.0,0,1,85,1449,89,161,69,35,107,2,11,8,8,6,0,0,1,0,0,0,0,534,1910,27,71,1
1972,3,5,49854.0,1,0,63,123,17,171,39,0,30,5,6,2,5,6,0,0,0,0,0,0,0,231,380,13,54,0
1971,4,3,60585.0,1,1,17,267,42,309,55,42,21,10,7,4,9,5,0,0,0,0,0,0,1,370,736,20,55,1
1950,4,2,42873.0,1,1,11,209,0,40,3,2,15,4,6,1,4,8,0,0,0,0,0,0,0,524,269,11,76,0
1988,2,5,87679.0,0,0,62,1259,172,815,97,148,33,1,7,11,10,4,1,0,1,1,0,0,1,337,2524,28,38,1
1978,2,5,57867.0,1,0,48,344,35,178,15,23,17,7,7,2,9,6,0,0,0,0,0,0,0,271,612,18,48,0
1990,2,3,35765.0,1,0,86,22,3,30,0,5,15,2,2,0,4,6,0,0,0,0,0,0,0,200,75,6,36,0
1959,2,3,65492.0,0,0,73,247,161,295,210,85,47,2,4,7,13,2,0,0,0,0,0,0,0,154,1045,24,67,1
1977,2,2,32952.0,1,0,36,38,0,12,3,1,1,1,2,0,3,7,0,0,0,0,0,0,0,210,55,5,49,0
1969,4,5,53374.0,0,1,34,896,10,101,13,10,34,6,4,2,9,9,1,0,0,0,0,0,1,682,1064,15,57,1
1959,2,5,71706.0,0,1,16,931,56,253,91,98,14,4,9,5,7,5,0,0,0,0,0,0,0,593,1443,21,67,1
1988,2,3,68487.0,0,0,48,758,12,385,33,89,89,1,9,7,13,4,0,0,0,0,0,0,0,532,1366,29,38,1
1975,3,5,53253.0,1,1,61,216,9,57,20,9,125,7,4,3,5,5,0,0,0,0,0,0,0,503,436,12,51,0
1973,0,2,31163.0,1,0,54,2,3,10,11,2,10,1,1,0,3,6,0,0,0,0,0,0,0,136,38,4,53,0
1977,2,3,42014.0,1,0,56,244,15,108,4,15,50,6,7,1,6,8,0,0,0,0,0,0,1,681,436,14,49,0
1973,3,3,54108.0,1,1,74,539,6,91,8,6,97,13,8,2,9,8,0,0,0,0,0,0,0,601,747,19,53,0
1955,4,4,49667.0,0,0,35,1181,26,120,17,13,39,2,5,10,5,8,1,0,0,0,0,0,1,678,1396,20,71,1
1974,3,3,63206.0,0,0,65,750,8,125,11,8,26,1,4,3,6,2,0,0,1,0,0,0,0,101,928,13,52,1
1972,3,3,57136.0,1,1,48,306,5,109,21,109,92,9,5,2,10,6,0,0,0,0,0,0,0,355,642,17,54,0
1975,0,5,46772.0,0,1,88,350,104,189,197,151,57,6,11,8,5,8,1,0,0,0,0,0,0,599,1048,24,51,1
1971,4,3,78931.0,0,0,19,331,197,170,58,152,35,1,2,8,13,1,0,0,0,0,0,0,0,247,943,23,55,1
1958,2,5,53977.0,0,1,21,620,16,165,0,24,82,5,5,5,12,5,0,0,0,0,0,0,0,386,907,22,68,1
1988,2,3,84219.0,0,0,27,434,137,400,45,137,45,1,3,4,10,1,0,0,0,0,0,0,0,147,1198,17,38,1
1975,3,4,46098.0,1,1,86,57,0,27,0,0,36,4,3,2,2,8,0,0,0,0,0,0,0,680,120,7,51,0
1965,2,3,73538.0,0,1,92,811,76,428,99,137,107,3,10,4,9,7,0,0,0,0,0,0,0,581,1658,23,61,1
1986,2,3,79529.0,0,0,1,423,42,706,73,197,197,1,4,8,9,2,0,0,0,0,0,0,0,63,1638,21,40,1
1977,0,5,20981.0,0,0,14,2,12,10,6,13,30,1,3,1,2,8,0,0,0,0,0,0,1,425,73,6,49,0
1980,2,4,51766.0,1,0,74,60,51,87,6,20,51,2,4,2,4,5,0,0,0,0,0,0,0,110,275,10,46,0
1962,2,3,55759.0,0,1,84,675,0,85,10,7,77,5,10,3,8,8,0,0,0,0,0,0,0,578,854,21,64,1
1978,2,3,33039.0,1,0,4,30,8,12,8,8,12,1,2,0,4,5,0,0,0,0,0,0,0,293,78,6,48,0
1972,3,3,37787.0,1,0,50,40,1,40,4,3,18,1,3,0,3,8,0,0,0,0,0,0,0,282,106,6,54,0
1970,2,4,27242.0,1,0,2,3,17,26,20,1,39,2,2,0,3,9,0,0,0,0,0,0,1,595,106,5,56,0
1983,4,4,87188.0,0,0,73,910,111,724,49,74,55,1,10,2,6,3,0,0,0,0,0,0,1,391,1923,18,43,1
1971,2,5,69930.0,0,0,21,252,98,827,219,70,196,1,4,5,12,3,0,0,0,0,0,0,0,399,1662,21,55,1
1976,2,4,37697.0,1,0,82,34,6,21,11,4,8,1,2,1,3,6,0,0,0,0,0,0,0,142,84,6,50,0
1973,4,3,37401.0,1,0,14,19,3,19,3,1,3,2,2,0,3,7,0,0,0,0,0,0,0,54,48,5,53,0
1973,2,4,3502.0,1,0,56,2,1,1,0,0,1,0,0,0,0,14,0,0,0,0,0,0,0,442,5,0,53,0
1976,2,3,58597.0,1,1,20,490,0,184,10,28,21,12,7,4,9,7,0,0,0,0,0,0,0,586,733,20,50,0
1948,4,6,82032.0,0,0,54,332,194,377,149,125,57,0,4,6,7,1,0,0,0,0,0,0,0,85,1234,17,78,1
1958,2,5,28087.0,1,1,77,53,8,17,13,0,21,3,2,2,2,7,0,0,0,0,0,0,0,565,112,6,68,0
1987,4,4,74004.0,0,0,5,784,48,560,42,176,48,1,4,6,4,3,0,0,1,1,0,0,1,125,1658,14,39,1
1960,2,5,19740.0,0,1,65,7,11,3,10,4,20,2,1,1,3,5,0,0,0,0,0,0,0,462,55,5,66,0
1975,0,3,57036.0,0,1,33,1171,43,219,19,14,47,4,6,3,13,9,1,0,0,0,0,0,0,565,1513,22,51,1
1958,0,5,53083.0,1,1,65,215,7,33,3,0,13,6,5,1,5,7,0,1,0,0,0,0,0,410,271,11,68,0
1975,4,3,69283.0,0,1,41,674,62,134,0,26,8,4,7,3,13,5,0,0,0,0,0,0,0,15,904,23,51,1
1975,3,4,46098.0,1,1,86,57,0,27,0,0,36,4,3,2,2,8,0,0,0,0,0,0,1,680,120,7,51,0
1988,0,3,23331.0,1,0,92,5,36,7,0,10,45,2,3,0,3,8,0,0,0,0,0,0,0,663,103,6,38,0
1988,0,4,23331.0,1,0,97,104,20,101,24,15,5,6,5,1,5,9,0,0,0,0,0,0,0,632,269,11,38,0
1989,2,4,9255.0,1,0,91,9,0,7,2,0,4,1,1,1,2,8,0,0,0,0,0,0,0,191,22,4,37,0
1959,4,6,67786.0,0,0,0,431,82,441,80,20,102,1,3,6,6,1,0,0,0,0,0,0,1,204,1156,15,67,1
1971,4,3,71969.0,0,1,59,1000,0,76,0,0,10,3,3,4,9,8,0,1,0,0,0,0,0,621,1086,16,55,1
1967,3,4,59235.0,1,0,4,448,40,469,80,0,91,3,11,2,12,7,0,0,0,0,0,0,0,533,1128,25,59,1
1989,2,5,31928.0,1,0,5,33,4,24,4,2,5,2,3,0,4,7,0,0,0,0,0,0,0,93,72,7,37,0
1961,3,5,74881.0,1,1,48,505,72,270,36,27,54,4,9,2,12,5,0,0,0,0,0,0,0,478,964,23,65,1
1978,2,3,65819.0,0,0,99,267,38,701,149,165,63,1,5,4,10,3,0,0,0,0,0,0,0,577,1383,19,48,1
1953,4,4,51411.0,1,2,81,14,0,3,0,0,1,1,0,0,3,5,0,0,0,0,0,0,0,399,18,3,73,0
1964,2,2,51983.0,0,1,95,631,0,115,10,7,30,3,9,2,10,7,0,0,0,0,0,0,0,667,793,21,62,1
1986,3,5,42386.0,1,0,43,65,4,16,0,4,11,1,3,0,3,8,0,0,0,0,0,0,0,532,100,6,40,0
1987,0,3,30390.0,0,0,5,10,12,12,25,1,20,1,2,0,3,6,0,0,0,0,0,0,0,300,80,5,39,0
1963,2,4,30983.0,0,0,50,51,4,50,12,1,49,1,4,0,3,8,0,0,0,0,0,0,1,597,167,7,63,0
1957,2,6,66033.0,0,1,76,293,35,179,46,59,65,2,8,3,7,7,0,0,0,0,0,0,0,525,677,18,69,1
1975,0,3,37284.0,1,1,46,11,1,2,2,1,6,1,0,0,3,6,0,0,0,0,0,0,0,457,23,3,51,0
1951,3,2,57530.0,0,1,68,50,1,27,6,7,1,1,1,1,4,1,0,0,0,0,0,0,0,260,92,6,75,0
1965,0,3,76800.0,0,0,33,173,26,255,35,71,81,1,4,4,7,1,0,0,0,0,0,0,0,113,641,15,61,1
1956,2,3,63943.0,0,1,50,423,184,368,13,97,21,1,6,4,6,5,0,0,0,0,0,0,0,665,1106,16,70,1
1962,2,5,76081.0,0,0,85,292,30,415,63,33,200,1,4,5,4,2,0,0,0,1,0,0,0,37,1033,13,64,1
1974,2,3,67445.0,0,1,63,757,80,217,29,80,11,5,9,6,12,6,0,0,0,0,0,0,0,686,1174,27,52,1
1967,3,3,37054.0,1,1,89,12,1,6,0,1,5,2,1,0,3,7,0,0,0,0,0,0,0,287,25,4,59,0
1962,3,5,47175.0,1,1,81,167,2,44,6,2,19,7,4,2,4,8,1,0,0,0,0,0,1,609,240,10,64,0
1976,2,2,31859.0,1,0,77,3,1,3,8,0,5,1,1,0,2,7,0,0,0,0,0,0,0,380,20,3,50,0
1961,2,2,27215.0,2,1,50,30,5,22,8,9,28,4,2,1,4,6,0,0,0,0,0,0,0,522,102,7,65,0
1976,4,2,70179.0,0,1,10,532,88,168,69,44,133,3,7,3,13,5,0,0,0,0,0,0,0,343,1034,23,50,1
1983,2,3,39922.0,1,0,30,29,12,59,19,1,36,2,3,0,4,8,0,0,0,0,0,0,0,500,156,7,43,0
1976,3,3,49681.0,0,2,66,411,0,26,0,0,21,6,7,1,7,7,0,0,0,0,0,0,0,237,458,15,50,0
1988,2,3,24645.0,1,0,16,5,3,4,4,1,0,1,1,0,2,8,0,0,0,0,0,0,0,605,17,3,38,0
1954,2,2,79865.0,0,1,12,71,99,278,185,121,38,1,5,10,5,1,0,0,0,0,0,0,0,11,792,20,72,1
1985,2,3,44322.0,1,0,30,46,0,40,3,0,3,2,3,0,3,8,0,0,0,0,0,0,0,13,92,6,41,0
1952,2,4,47958.0,0,1,8,268,11,88,15,3,22,2,6,3,5,5,0,0,0,0,0,0,0,526,407,14,74,0
1964,3,4,63972.0,0,1,93,928,63,254,0,12,12,4,5,4,10,4,0,1,0,0,0,0,0,574,1269,19,62,1
1954,2,5,75315.0,0,1,14,459,15,171,142,23,31,2,5,4,12,2,0,0,0,0,0,0,0,75,841,21,72,1
1950,4,3,55517.0,1,1,53,483,0,108,0,6,36,5,11,1,6,9,0,0,0,0,0,0,1,640,633,18,76,0
1957,4,3,75283.0,1,2,26,733,9,180,12,19,66,11,6,3,5,4,0,0,0,0,0,0,0,459,1019,14,69,1
1946,4,4,82800.0,0,0,23,1006,22,115,59,68,45,1,7,6,12,3,0,0,1,1,0,0,1,582,1315,25,80,1
1954,2,3,38998.0,1,1,92,34,1,14,0,0,5,3,2,0,3,8,0,0,0,0,0,1,0,603,54,5,72,0
1991,3,4,90638.0,0,0,29,1156,120,915,94,144,96,1,3,4,10,1,0,0,1,0,0,0,1,136,2525,17,35,1
1986,3,3,27161.0,1,0,41,7,4,23,7,0,11,1,1,0,3,7,0,0,0,0,0,0,0,244,52,4,40,0
1977,2,3,42014.0,1,0,56,244,15,108,4,15,50,6,7,1,6,8,0,0,0,0,0,0,1,681,436,14,49,0
1960,4,5,38201.0,0,1,19,233,0,23,0,0,12,4,5,1,5,8,0,0,0,0,0,0,0,457,268,11,66,0
1982,2,5,45203.0,2,0,4,35,3,67,10,8,24,1,3,1,3,6,0,0,0,0,0,0,1,98,147,7,44,0
1947,4,5,81574.0,0,0,89,1252,0,465,46,35,0,1,4,5,8,1,0,1,1,0,0,0,0,62,1798,17,79,1
1992,2,3,34935.0,0,0,71,34,4,66,3,10,20,1,2,1,4,7,0,0,0,0,0,0,0,373,137,7,34,0
1976,3,4,60482.0,0,1,81,255,43,134,37,14,24,1,7,2,7,7,0,0,0,0,0,0,0,522,507,16,50,0
1956,2,5,34633.0,2,1,31,8,1,5,0,0,1,1,1,0,2,6,0,0,0,0,0,0,0,157,15,3,70,0
1947,3,5,78093.0,0,0,53,368,32,639,13,43,10,1,4,7,5,1,0,0,0,0,0,0,0,200,1105,16,79,1
1950,2,2,82460.0,0,0,78,255,47,573,52,32,15,1,5,3,6,1,0,0,0,0,0,0,0,209,974,14,76,1
1966,3,5,45903.0,0,1,80,33,8,10,2,10,3,2,2,1,3,4,0,0,0,0,0,0,0,67,66,6,60,0
1987,2,2,81361.0,0,0,18,163,23,424,27,65,76,1,3,10,13,1,0,0,0,0,0,0,1,124,778,26,39,1
1973,4,2,35860.0,1,1,37,15,0,8,4,2,20,2,1,1,2,5,1,0,0,0,0,0,1,41,49,4,53,0
1952,3,5,40442.0,1,1,52,45,12,52,25,22,13,4,3,1,4,7,0,0,0,0,0,0,1,679,169,8,74,0
1965,2,3,61482.0,0,0,39,48,58,68,16,66,43,1,3,2,6,2,0,0,0,0,0,0,0,2,299,11,61,0
1980,2,3,34968.0,1,0,11,158,6,45,8,2,2,7,3,2,5,7,0,0,0,0,0,0,0,445,221,10,46,0
1987,2,3,75794.0,0,0,33,754,160,625,63,32,48,1,7,5,12,3,0,0,0,1,0,0,0,187,1682,24,39,1
1962,4,5,31497.0,0,1,22,108,1,28,13,1,4,2,3,1,4,8,0,0,0,0,0,0,0,570,155,8,64,0
1955,2,3,74268.0,0,0,83,199,66,315,97,174,41,1,4,3,5,2,0,0,0,0,0,0,0,500,892,12,71,1
1988,1,5,13724.0,1,0,43,2,7,5,2,15,27,1,2,0,2,9,1,0,0,0,0,0,0,667,58,4,38,0
1965,3,5,45143.0,0,1,74,202,5,74,11,5,14,3,6,1,5,7,0,0,0,0,0,0,0,307,311,12,61,0
1967,4,4,52569.0,0,1,54,85,0,3,0,0,7,1,2,0,4,3,0,0,0,0,0,0,0,85,95,6,59,0
1973,4,4,48432.0,0,1,3,322,3,50,4,3,42,5,7,1,6,8,0,0,0,0,0,0,1,619,424,14,53,0
1960,3,5,17144.0,1,1,96,18,2,19,0,2,6,5,3,0,4,7,0,0,0,0,0,0,0,134,47,7,66,0
1984,2,4,36108.0,1,0,68,141,8,129,3,11,47,3,7,1,4,9,1,0,0,0,0,0,0,257,339,12,42,0
1971,2,3,76445.0,1,0,2,739,107,309,140,80,35,1,2,5,13,6,0,0,0,0,0,0,0,639,1410,20,55,1
1975,4,3,36663.0,1,0,40,18,0,6,3,3,5,1,1,1,3,2,0,0,0,0,0,0,0,65,35,5,51,0
1965,3,3,53843.0,0,1,64,378,0,88,19,4,73,4,8,5,3,7,0,0,0,0,0,0,0,367,562,16,61,0
1956,3,3,90226.0,0,0,26,1083,108,649,253,151,108,1,4,7,12,2,0,0,0,1,0,0,0,641,2352,23,70,1
1955,3,2,70638.0,0,0,69,1016,12,215,16,12,63,1,4,5,10,3,0,1,0,0,0,0,0,393,1334,19,71,1
1960,2,5,44512.0,1,1,57,23,1,6,0,0,2,2,1,0,3,4,0,0,0,0,0,0,0,303,32,4,66,0
1961,2,3,27116.0,1,1,78,12,1,21,2,2,3,2,2,0,3,7,0,0,0,0,0,0,0,119,41,5,65,0
1963,4,3,54072.0,1,1,71,35,0,4,0,0,0,1,2,0,2,8,0,0,0,0,0,0,0,337,39,4,63,0
1977,2,3,71855.0,0,1,59,548,31,422,0,112,28,4,5,5,11,3,0,0,0,0,0,0,0,529,1141,21,49,1
1990,0,4,51250.0,1,0,28,342,32,230,34,32,40,5,10,5,4,9,1,0,0,0,0,0,0,456,710,19,36,0
1973,3,3,60432.0,0,1,61,365,3,15,4,3,11,5,7,2,5,6,0,0,0,0,0,0,0,112,401,14,53,0
1964,4,3,65526.0,0,1,22,397,19,69,12,0,9,1,4,4,8,2,0,0,0,0,0,0,0,79,506,16,62,0
1988,2,4,68655.0,0,0,95,456,19,832,75,118,38,1,4,5,11,3,0,0,0,0,0,0,0,688,1538,20,38,1
1978,0,3,12393.0,0,0,38,5,6,15,11,7,13,1,2,0,3,9,0,0,0,0,0,0,0,572,57,5,48,0
1990,2,4,64509.0,0,0,19,836,185,575,24,25,77,1,6,3,9,4,1,0,0,0,0,0,1,316,1722,18,36,1
1975,2,4,33955.0,1,0,92,100,2,128,23,7,10,4,5,1,5,8,0,0,0,0,0,0,0,324,270,11,51,0
1977,2,3,31353.0,1,1,24,10,0,10,3,1,7,2,1,1,2,8,0,0,0,0,0,0,1,182,31,4,49,0
1984,2,3,55434.0,1,0,21,238,115,215,169,69,76,3,5,3,13,4,0,0,0,0,0,0,0,267,882,21,42,1
1983,2,5,28359.0,1,0,35,6,0,5,2,1,2,1,1,0,2,7,0,0,0,0,0,0,0,245,16,3,43,0
1987,2,4,57100.0,1,0,9,158,11,99,15,11,17,2,3,2,7,3,0,0,0,0,0,0,0,42,311,12,39,0
1965,2,3,69139.0,0,1,23,86,12,75,33,15,6,1,4,1,5,4,0,0,0,0,0,0,0,153,227,10,61,0
1956,3,3,52973.0,0,1,92,856,0,76,12,9,199,7,9,6,9,8,0,0,0,0,0,0,0,598,1152,24,70,1
1965,4,5,51717.0,0,1,55,98,1,17,0,1,5,1,3,0,4,7,0,1,0,0,0,0,0,313,122,7,61,0
1971,2,3,18793.0,1,0,14,4,16,20,0,17,20,3,2,0,4,8,0,0,0,0,0,0,0,533,77,6,55,0
1982,0,5,66664.0,0,0,78,398,96,447,220,96,32,1,5,7,6,3,0,0,0,0,0,0,0,642,1289,18,44,1
1959,2,4,50664.0,1,1,64,313,8,104,6,4,126,9,8,1,6,9,0,0,0,0,0,0,0,529,561,15,67,0
1963,2,5,54414.0,1,1,49,109,18,16,24,26,18,4,3,1,5,4,0,0,0,0,0,0,0,522,211,9,63,0
1952,4,3,54549.0,0,1,8,216,2,6,0,0,9,2,5,1,4,7,0,0,0,0,0,0,0,118,233,10,74,0
1971,4,6,47111.0,0,1,35,595,71,153,120,112,41,6,3,2,10,9,0,0,0,0,0,0,0,659,1092,15,55,1
1963,4,2,41003.0,0,0,11,123,133,142,71,44,88,1,6,2,8,6,0,0,0,0,0,0,0,469,601,16,63,1
1982,2,5,19444.0,1,0,8,16,0,23,3,2,10,3,4,1,2,7,0,0,0,0,0,0,1,127,54,7,44,0
1976,0,5,36301.0,1,0,53,11,12,35,3,5,12,1,3,0,3,7,0,0,0,0,0,0,0,247,78,6,50,0
1947,4,5,73059.0,0,1,36,410,112,420,0,82,71,1,9,3,13,4,0,0,0,0,0,0,0,302,1095,25,79,1
1969,4,5,42731.0,1,0,64,159,2,51,6,2,24,3,4,1,5,5,0,0,0,0,0,0,0,251,244,10,57,0
1959,4,3,52854.0,1,1,43,105,0,10,0,1,0,2,2,1,4,5,0,0,0,0,0,0,0,97,116,7,67,0
1978,2,5,22775.0,1,0,40,5,1,8,0,0,1,1,1,0,2,8,0,0,0,0,0,0,0,375,15,3,48,0
1948,4,5,46681.0,0,2,52,269,15,69,15,19,38,2,4,6,4,5,0,0,0,0,0,0,0,264,425,14,78,0
1955,4,3,59821.0,0,1,11,629,0,70,0,0,35,6,11,2,7,8,0,0,0,0,0,0,0,443,734,20,71,1
1954,2,2,50002.0,0,1,21,443,5,71,21,16,82,2,8,2,7,7,0,0,0,0,0,0,0,377,638,17,72,0
1945,2,3,69755.0,0,0,23,217,77,373,111,23,93,1,3,6,12,1,0,0,0,0,0,0,0,270,894,21,81,1
1969,2,3,44078.0,1,1,17,24,1,10,2,0,4,2,2,0,3,5,0,0,0,0,0,0,0,10,41,5,57,0
1976,3,5,30560.0,1,0,6,9,1,5,4,5,7,1,1,0,3,7,0,0,0,0,0,0,0,367,31,4,50,0
1969,3,5,35924.0,1,1,56,8,0,14,2,3,7,1,1,0,3,5,0,0,0,0,0,0,0,98,34,4,57,0
1964,4,2,64140.0,0,2,71,1459,0,61,0,15,215,5,2,5,6,5,1,0,1,0,1,0,1,279,1750,13,62,1
1981,2,5,56386.0,1,1,51,230,48,214,13,32,75,8,9,1,7,9,0,0,0,0,0,0,0,610,612,17,45,0
1979,1,5,24594.0,1,0,94,1,3,6,10,0,9,1,1,0,3,5,0,0,0,0,0,0,0,201,29,4,47,0
1981,0,5,75774.0,1,0,27,340,21,134,258,14,56,1,7,5,8,4,0,0,0,0,0,0,0,58,823,20,45,1
1960,3,2,39228.0,0,0,1,7,1,6,0,3,3,1,0,0,3,4,0,0,0,0,0,0,0,415,20,3,66,0
1974,3,3,58494.0,0,1,56,298,7,68,4,0,19,2,6,2,6,6,0,0,0,0,0,0,0,199,396,14,52,0
1981,2,4,58684.0,0,0,71,479,35,179,28,7,85,1,5,3,12,2,0,1,0,0,0,0,0,13,813,20,45,1
1967,2,2,57136.0,0,0,18,267,140,599,34,12,127,1,7,5,7,6,0,0,0,0,0,0,1,407,1179,19,59,1
1950,4,6,56551.0,1,1,48,67,4,32,17,2,16,3,2,1,4,4,0,0,0,0,0,0,0,53,138,7,76,0
1982,2,3,22448.0,1,0,86,3,1,8,23,2,18,3,2,1,3,3,0,0,0,0,0,0,0,123,55,6,44,0
1961,2,4,82014.0,0,0,48,980,37,265,35,163,31,1,3,6,12,6,0,0,0,0,0,0,1,678,1511,21,65,1
1963,2,6,34213.0,1,1,2,50,4,28,6,3,26,3,3,1,2,9,0,0,0,0,0,0,1,660,117,6,63,0
1977,2,5,157146.0,0,0,13,1,0,1725,2,1,1,0,0,28,0,1,0,0,0,0,0,0,0,426,1730,28,49,1
1947,4,6,25358.0,0,1,57,19,0,5,0,0,8,2,1,0,3,6,0,0,0,0,0,0,0,342,32,4,79,0
1978,3,4,35544.0,1,0,77,30,5,23,4,1,4,1,2,0,3,7,0,0,0,0,0,0,0,113,67,5,48,0
1954,3,5,36634.0,0,1,0,213,9,76,4,3,30,3,5,2,5,7,0,0,0,0,0,0,0,397,335,12,72,0
1954,4,3,62670.0,0,1,57,539,30,92,80,46,38,1,5,3,13,3,0,0,0,0,0,0,0,147,825,21,72,1
1972,0,5,50334.0,0,1,24,284,16,160,84,16,134,6,7,4,6,6,0,0,0,0,0,0,0,340,694,17,54,1
1981,2,4,72066.0,0,0,55,1003,34,536,134,51,34,1,4,6,6,2,0,0,1,1,0,0,1,6,1792,16,45,1
1958,4,4,50729.0,1,1,62,239,13,143,45,4,52,9,6,2,7,6,0,0,0,0,0,0,0,423,496,15,68,0
1968,2,5,34916.0,2,0,89,51,23,82,33,0,42,4,5,1,3,9,0,0,0,0,0,0,0,410,231,9,58,0
1976,2,2,64892.0,0,1,77,527,24,230,32,24,65,2,6,4,12,4,0,0,0,0,0,0,0,31,902,22,50,1
1966,2,4,43602.0,1,1,45,19,5,12,10,3,19,3,3,1,2,6,0,0,0,0,0,0,0,170,68,6,60,0
1989,4,4,33996.0,0,0,46,40,2,15,8,0,6,1,1,1,3,4,0,0,0,0,0,0,0,291,71,5,37,0
1985,0,4,41473.0,1,0,80,21,8,20,15,3,9,1,2,0,3,7,0,0,0,0,0,0,0,375,76,5,41,0
1967,4,3,63246.0,0,2,60,593,30,91,29,22,7,1,6,3,12,4,0,0,0,0,0,0,0,313,772,21,59,1
1959,4,3,36732.0,1,1,71,21,5,3,10,1,7,3,1,1,4,2,0,0,0,0,0,0,0,182,47,6,67,0
1970,4,3,69084.0,1,0,43,1181,107,199,39,30,30,2,7,3,13,8,0,0,0,0,0,0,0,222,1586,23,56,1
1967,4,3,77766.0,0,1,97,1004,59,265,115,59,27,2,11,10,11,6,1,0,0,0,0,0,1,492,1529,32,59,1
1985,4,4,37929.0,0,0,49,202,2,46,3,2,10,2,4,2,5,7,0,1,0,1,0,0,1,334,265,11,41,0
1951,2,5,86610.0,0,0,66,446,107,768,33,196,53,1,5,6,6,2,0,0,0,0,0,0,0,297,1603,17,75,1
1986,3,3,80141.0,0,0,20,1184,102,673,52,40,40,1,7,4,10,6,0,0,1,0,0,0,1,534,2091,21,40,1
1955,0,3,72635.0,0,0,54,390,22,323,104,35,107,1,6,8,6,3,0,0,0,1,0,0,0,391,981,20,71,1
1970,2,3,69016.0,0,1,61,726,53,363,123,107,161,4,8,9,13,5,0,0,0,0,0,0,0,584,1533,30,56,1
1991,0,5,20193.0,0,0,18,8,8,22,24,11,9,1,1,1,4,4,0,0,0,0,0,0,0,578,82,6,35,0
1975,2,3,27573.0,1,0,45,50,15,110,39,15,15,4,5,1,4,8,0,0,0,0,0,0,0,461,244,10,51,0
1979,1,4,15862.0,1,0,26,1,1,4,11,9,10,1,1,0,3,8,0,0,0,0,0,0,0,367,36,4,47,0
1976,4,3,49544.0,1,0,0,308,0,73,0,0,23,2,5,1,8,7,0,0,0,0,0,0,0,502,404,14,50,0
1980,2,3,33228.0,1,0,28,22,2,31,7,4,5,1,2,0,3,7,0,0,0,0,0,0,0,157,71,5,46,0
1978,2,5,70440.0,0,0,49,690,117,499,76,102,88,1,5,10,7,3,0,0,0,1,0,0,0,264,1572,22,48,1
1971,2,5,38232.0,1,1,84,43,5,28,7,6,33,4,3,1,3,5,0,0,0,0,0,0,0,163,122,7,55,0
1955,4,3,22554.0,1,1,38,27,0,10,0,0,4,4,2,0,4,5,0,0,0,0,0,0,0,603,41,6,71,0
1983,4,3,23536.0,1,0,53,6,0,3,0,0,1,1,0,0,3,3,0,0,0,0,0,0,0,25,10,3,43,0
1952,2,3,49413.0,0,1,88,205,7,41,3,2,46,2,4,2,5,5,0,0,0,0,0,0,0,247,304,11,74,0
1969,2,3,42231.0,1,1,99,24,0,8,0,1,4,1,1,0,3,5,0,0,0,0,0,0,0,96,37,4,57,0
1980,3,2,78789.0,0,0,12,667,50,850,21,83,83,1,4,6,5,2,0,0,0,0,0,0,1,690,1754,15,46,1
1968,2,5,56534.0,0,1,35,691,7,61,10,0,46,4,10,4,7,8,0,1,0,0,1,0,1,341,815,21,58,1
1971,2,4,58350.0,0,1,5,493,26,206,116,80,80,4,8,3,12,6,0,0,0,0,0,0,0,541,1001,23,55,1
1989,2,4,81217.0,0,0,77,493,70,324,146,40,84,1,3,7,11,1,0,0,0,0,0,0,0,345,1157,21,37,1
1951,2,4,49090.0,0,1,45,494,5,82,7,0,100,3,7,2,9,7,0,0,0,0,0,0,0,345,688,18,75,1
1987,3,2,61787.0,0,0,71,621,73,414,78,48,85,1,8,4,6,5,0,0,0,0,0,0,0,358,1319,18,39,1
1985,4,3,18169.0,1,0,40,9,0,5,0,0,7,1,1,0,2,8,0,0,0,0,0,0,0,495,21,3,41,0
1981,0,4,24336.0,1,0,82,1,6,2,8,2,12,1,1,0,2,7,0,0,0,0,0,0,0,671,31,3,45,0
1990,2,3,18222.0,0,0,70,12,4,19,12,6,14,1,2,0,3,8,0,0,0,0,0,0,0,545,67,5,36,0
1952,2,2,62335.0,0,1,87,243,131,217,85,6,26,2,3,3,13,2,0,0,0,0,0,0,0,402,708,19,74,1
1971,0,5,42033.0,1,1,95,11,1,4,2,0,7,1,1,0,2,7,0,0,0,0,0,0,0,648,25,3,55,0
1983,4,3,86580.0,0,0,72,532,21,127,26,20,20,0,4,2,5,1,0,0,1,0,0,0,0,487,746,11,43,1
1957,4,2,41437.0,1,1,5,29,0,2,0,0,1,1,1,0,3,7,0,0,0,0,0,0,0,645,32,4,69,0
1951,3,6,73705.0,0,2,86,612,91,520,258,107,107,2,9,6,8,5,0,0,0,0,0,0,0,116,1695,23,75,1
1976,2,3,61064.0,0,1,80,387,126,342,0,45,180,5,8,4,11,6,0,0,0,0,0,0,0,667,1080,23,50,1
1955,3,3,38452.0,1,1,62,56,0,14,0,0,2,3,3,0,3,7,0,0,0,0,0,0,0,91,72,6,71,0
1989,2,4,18358.0,1,0,49,6,8,19,16,4,4,3,3,0,4,7,0,0,0,0,0,0,0,221,57,7,37,0
1973,4,5,55012.0,0,1,85,582,0,65,0,0,13,6,8,2,9,5,0,0,0,0,0,0,0,100,660,19,53,0
1973,1,5,9722.0,1,0,7,6,17,16,6,16,42,4,3,1,3,8,0,0,0,0,0,0,1,635,103,7,53,0
1984,4,3,38175.0,1,0,6,70,6,69,2,3,3,3,3,1,4,7,0,0,0,0,0,0,0,279,153,8,42,0
1956,3,5,58656.0,0,1,25,962,12,194,16,24,12,4,7,8,13,6,0,0,1,0,0,0,0,647,1220,28,70,1
1965,2,5,52117.0,0,1,55,112,10,107,30,0,20,2,5,2,4,7,0,0,0,0,0,0,0,682,279,11,61,0
1978,2,3,64813.0,1,0,81,293,0,124,179,97,52,1,7,2,10,5,0,0,0,0,0,0,0,178,745,19,48,1
1973,4,3,54222.0,0,1,98,199,12,31,3,12,7,1,3,3,5,3,0,0,0,0,0,0,0,120,264,11,53,0
1986,2,3,83512.0,0,0,31,1060,61,835,80,20,101,1,4,7,10,1,1,0,1,1,1,0,1,12,2157,21,40,1
1959,3,3,77520.0,0,1,30,940,44,396,0,88,58,1,8,7,7,4,1,0,1,1,0,0,1,305,1526,22,67,1
1978,2,5,41154.0,0,1,98,44,2,11,2,3,7,1,1,0,4,5,0,0,0,0,0,0,0,446,69,5,48,0
1966,2,3,80398.0,0,0,92,342,51,936,207,35,26,1,5,8,12,3,0,0,1,0,0,0,0,596,1597,25,60,1
1992,1,4,18746.0,1,0,41,2,10,11,12,9,20,2,3,0,3,6,0,0,0,0,0,0,0,31,64,6,34,0
1984,2,5,35196.0,1,0,68,75,12,141,43,39,187,6,6,1,5,8,0,0,0,0,0,0,0,593,497,12,42,0
1956,2,4,60230.0,0,1,78,520,20,367,39,81,40,2,6,3,6,5,0,0,0,0,0,0,0,405,1067,15,70,1
1977,2,3,22108.0,1,1,46,5,3,9,6,2,6,2,2,0,3,7,0,0,0,0,0,0,0,52,31,5,49,0
1974,2,5,44392.0,1,1,71,87,5,71,7,12,29,5,4,1,4,7,0,0,0,0,0,0,0,297,211,9,52,0
1976,4,3,55424.0,0,1,6,462,61,184,10,53,107,4,7,5,9,6,1,0,0,0,0,0,1,581,877,21,50,1
1979,2,3,17688.0,1,0,82,2,2,1,3,1,2,1,1,0,2,8,0,0,0,0,0,1,0,532,11,3,47,0
1983,4,3,92491.0,0,0,71,979,44,935,29,25,22,1,7,5,12,3,0,1,1,1,0,0,1,424,2034,24,43,1
1991,2,4,90273.0,0,0,32,704,129,853,120,74,111,1,5,6,7,2,0,1,1,1,0,0,1,197,1991,18,35,1
1962,4,6,82571.0,0,0,28,861,31,558,62,95,79,0,6,5,13,2,0,0,1,0,0,0,0,88,1686,24,64,1
1982,4,4,38513.0,1,0,20,172,3,115,16,0,18,5,6,1,5,8,0,0,0,0,0,0,1,152,324,12,44,0
1979,3,4,16653.0,1,0,10,5,7,31,15,4,7,3,2,1,3,6,0,0,0,0,0,0,1,72,69,6,47,0
1955,2,5,42586.0,1,1,7,194,2,56,0,0,0,5,4,1,6,8,0,0,0,0,0,0,1,608,252,11,71,0
1965,1,4,23529.0,0,1,67,9,7,13,3,2,20,1,1,1,2,6,0,0,0,0,0,0,0,538,54,4,61,0
1961,3,5,74881.0,1,1,48,505,72,270,36,27,54,4,9,2,12,5,0,0,0,0,0,0,0,478,964,23,65,1
1951,2,3,71107.0,0,1,61,533,10,217,198,174,195,2,7,6,13,4,0,0,0,0,0,0,0,497,1327,26,75,1
1964,4,5,46910.0,1,1,36,48,0,14,0,0,6,2,2,0,3,6,0,0,0,0,0,0,0,98,68,5,62,0
1959,2,3,18690.0,0,0,77,6,1,7,23,4,19,1,1,1,2,8,0,0,0,0,0,0,0,548,60,4,67,0
1955,2,2,37244.0,1,1,90,18,2,10,0,0,25,1,1,1,2,7,1,0,0,0,0,0,0,428,55,4,71,0
1966,2,5,82427.0,0,0,35,482,147,509,104,107,107,1,3,5,12,1,0,0,1,0,0,0,0,109,1456,20,60,1
1958,0,4,75342.0,0,1,38,204,97,97,21,118,26,1,5,2,10,4,0,0,0,0,0,0,0,419,563,17,68,1
1954,2,2,70044.0,0,1,46,1073,0,250,153,14,14,4,7,10,5,5,0,0,0,0,0,0,0,496,1504,22,72,1
1967,2,4,79146.0,1,1,33,245,16,223,21,43,16,2,8,1,8,6,0,0,0,0,0,0,0,66,564,17,59,0
1963,2,3,77437.0,0,0,70,560,21,442,29,44,29,1,4,5,13,1,0,0,1,0,0,0,0,215,1125,22,63,1
1959,2,3,54984.0,0,1,51,173,13,131,32,3,6,4,6,1,6,7,0,0,0,1,0,0,0,36,358,13,67,0
1971,4,3,42403.0,1,0,18,22,1,11,0,5,3,1,1,0,3,8,0,0,0,0,0,0,0,200,42,4,55,0
1964,2,5,55761.0,0,1,97,136,1,12,0,3,32,2,4,1,3,6,0,1,0,0,0,0,0,66,184,8,62,0
1983,2,5,37292.0,1,0,32,275,0,86,10,23,66,5,6,3,5,8,0,0,0,0,0,0,0,437,460,14,43,0
1945,4,4,45576.0,0,0,9,56,19,29,2,14,25,1,3,1,3,8,0,0,0,0,0,0,1,32,145,7,81,0
1947,2,5,70321.0,0,0,6,303,23,751,82,26,191,1,6,5,13,4,0,0,0,0,0,0,1,529,1376,24,79,1
1969,4,2,58086.0,0,1,80,708,7,62,0,0,15,2,11,3,7,8,0,0,0,0,0,0,0,525,792,21,57,1
1952,2,3,81795.0,0,0,74,324,132,693,27,118,88,1,4,11,7,2,0,0,0,0,0,0,0,611,1382,22,74,1
1947,1,5,28389.0,0,0,49,1,5,3,7,4,8,1,1,0,2,7,0,0,0,0,0,0,0,586,28,3,79,0
1946,3,3,66835.0,0,0,21,620,26,195,34,17,141,1,6,4,13,2,0,0,0,0,0,0,0,274,1033,23,80,1
1969,2,2,69901.0,0,1,95,312,21,206,102,92,149,3,7,3,10,5,0,0,0,0,0,0,0,396,882,20,57,1
1949,4,3,80360.0,0,0,56,1493,86,454,112,43,43,2,4,4,5,2,0,1,1,1,0,0,0,483,2231,13,77,1
1961,4,5,63342.0,0,1,48,918,21,118,13,10,21,3,8,3,5,6,0,1,0,0,0,0,1,621,1101,16,65,1
1974,2,3,44989.0,0,1,26,98,0,106,49,10,106,5,5,1,5,6,0,0,0,0,0,0,0,655,369,11,52,0
1980,0,4,31859.0,1,0,3,3,4,7,15,8,11,1,1,0,3,7,0,0,0,0,0,0,0,122,48,4,46,0
1949,4,6,51569.0,0,1,39,380,0,47,6,0,34,4,7,1,7,8,0,1,0,0,0,0,1,502,467,15,77,0
1971,2,6,30372.0,1,1,33,15,0,12,7,3,7,3,2,0,3,7,0,0,0,0,0,0,0,551,44,5,55,0
1979,1,4,16014.0,1,1,42,3,9,4,7,8,7,4,1,1,4,3,0,0,0,0,0,0,0,469,38,6,47,0
1968,2,3,41120.0,1,1,80,24,2,23,0,8,24,3,2,1,3,6,0,0,0,0,0,0,0,235,81,6,58,0
1971,3,4,39763.0,1,0,9,80,1,60,4,6,16,2,5,1,2,9,0,0,0,0,0,0,1,329,167,8,55,0
1955,4,3,38725.0,1,1,52,31,0,6,2,1,5,2,1,0,4,4,0,0,0,0,0,0,0,50,45,5,71,0
1972,2,3,77981.0,1,0,78,138,120,204,16,126,60,3,7,4,7,5,0,0,0,0,0,0,0,399,664,18,54,1
1964,0,3,62905.0,0,1,68,166,75,96,119,107,59,3,7,2,8,4,0,0,0,0,0,0,0,292,622,17,62,1
1979,0,2,13533.0,1,0,45,12,3,8,8,0,17,2,2,0,3,7,0,0,0,0,0,0,0,476,48,5,47,0
1975,2,5,59481.0,0,1,47,178,3,85,71,66,58,2,3,3,8,2,0,0,0,0,0,0,0,249,461,14,51,1
1977,2,3,72117.0,0,1,34,707,20,171,65,60,50,1,9,7,9,5,0,0,0,0,0,0,0,313,1073,25,49,1
1986,0,3,21955.0,1,0,81,5,1,7,17,14,11,2,2,1,3,6,0,0,0,0,0,0,0,295,55,6,40,0
1956,2,3,67131.0,0,1,72,465,71,250,93,35,62,3,9,2,12,6,0,0,0,0,0,0,0,460,976,23,70,1
1980,4,4,36802.0,1,0,23,16,1,2,0,0,1,1,1,0,3,5,0,0,0,0,0,0,0,13,20,4,46,0
1982,2,5,71853.0,0,0,29,358,108,413,141,97,32,1,2,8,6,1,0,0,0,0,0,0,0,417,1149,16,44,1
1961,1,3,28249.0,0,0,80,1,9,7,2,14,10,1,2,0,3,6,0,0,0,0,0,0,0,14,43,5,65,0
1975,3,3,47808.0,0,1,30,123,1,26,2,0,72,2,3,2,3,7,1,0,0,0,0,0,0,252,224,8,51,0
1974,4,2,25509.0,1,0,15,40,3,30,10,7,11,3,3,0,3,9,0,0,0,0,0,0,1,649,101,6,52,0
1946,4,3,51012.0,0,0,86,102,9,63,2,9,24,1,4,1,4,6,0,0,0,0,0,0,0,437,209,9,80,0
1985,2,4,70596.0,0,0,68,347,44,534,17,0,26,1,3,5,12,2,0,0,0,0,0,0,0,632,968,20,41,1
1952,4,5,85431.0,0,0,54,376,53,462,168,53,53,1,2,7,7,0,0,0,0,0,0,0,0,386,1165,16,74,1
1967,2,3,42664.0,0,1,44,21,0,3,0,0,0,1,1,0,3,6,0,0,0,0,0,0,0,103,24,4,59,0
1955,2,5,42586.0,1,1,7,194,2,56,0,0,0,5,4,1,6,8,0,0,0,0,0,0,1,608,252,11,71,0
1985,2,4,29760.0,1,0,87,64,4,68,7,5,17,4,3,1,4,8,0,0,0,0,0,0,0,669,165,8,41,0
1977,4,3,28973.0,0,0,59,206,0,46,3,2,12,2,5,1,5,8,0,0,0,0,0,0,0,624,269,11,49,0
1973,4,5,39435.0,1,0,16,71,0,18,0,0,13,1,3,1,2,7,0,0,0,0,0,0,0,327,102,6,53,0
1984,0,3,65370.0,0,0,1,71,22,112,138,89,29,1,2,3,13,1,0,0,0,0,0,0,0,332,461,18,42,1
1979,1,4,20194.0,1,0,64,0,4,7,11,10,15,2,2,0,3,6,0,0,0,0,0,0,0,559,47,5,47,0
1976,4,4,42473.0,1,1,72,93,1,21,0,4,25,3,2,1,4,5,0,0,0,0,0,0,0,132,144,7,50,0
1968,2,3,64590.0,0,0,98,920,138,168,36,46,30,1,9,4,10,6,0,0,0,0,0,0,0,623,1338,23,58,1
1959,2,5,71232.0,0,1,91,653,17,170,34,26,17,2,11,2,10,7,0,0,0,0,0,0,0,213,917,23,67,1
1971,2,5,34600.0,1,1,8,199,33,60,8,3,15,5,5,2,5,8,0,0,0,0,0,0,1,544,318,12,55,0
1967,2,4,46904.0,1,1,20,153,4,56,0,9,31,4,5,1,4,8,0,0,0,0,0,0,0,603,253,10,59,0
1973,2,3,49094.0,0,1,6,376,0,38,11,8,69,5,6,3,6,6,0,0,0,0,0,0,0,646,502,15,53,0
1983,2,5,36075.0,1,0,54,46,0,30,12,1,30,1,2,0,4,6,0,0,0,0,0,0,0,202,119,6,43,0
1979,0,5,60839.0,1,1,72,600,21,128,223,150,128,13,2,2,12,8,0,0,0,0,0,0,0,670,1250,16,47,1
1979,2,5,77298.0,0,1,46,425,115,292,23,35,79,1,6,6,11,3,0,0,0,0,0,0,0,239,969,23,47,1
1950,2,5,34026.0,1,1,11,18,6,15,12,8,17,3,2,1,3,5,0,0,0,0,0,0,0,328,76,6,76,0
1963,4,4,48918.0,1,1,21,52,0,9,0,0,1,2,1,0,4,4,0,0,0,0,0,0,0,78,62,5,63,0
1962,0,5,82122.0,0,0,89,734,22,350,151,25,100,1,3,9,13,1,0,0,1,0,0,0,0,318,1382,25,64,1
1976,2,4,37697.0,1,0,82,34,6,21,11,4,8,1,2,1,3,6,0,0,0,0,0,0,0,142,84,6,50,0
1952,2,5,34074.0,1,1,69,135,1,41,10,1,67,5,3,3,3,6,1,0,0,0,0,0,0,351,255,9,74,0
1960,3,3,28520.0,1,1,55,11,0,10,0,2,20,1,1,1,2,6,0,0,0,0,0,0,0,380,43,4,66,0
1955,2,4,62535.0,0,1,13,163,48,90,0,45,52,1,3,2,8,3,0,0,0,0,0,0,0,269,398,13,71,0
1977,3,4,36273.0,1,0,80,29,3,30,3,2,9,2,3,0,3,6,0,0,0,0,0,0,0,74,76,6,49,0
1964,2,5,63404.0,0,2,97,734,26,70,11,44,17,2,6,3,4,4,0,0,0,1,0,0,0,23,902,13,62,1
1981,0,5,75774.0,1,0,27,340,21,134,258,14,56,1,7,5,8,4,0,0,0,0,0,0,0,58,823,20,45,1
1976,2,5,78416.0,0,1,99,453,38,279,188,38,183,2,7,7,10,3,0,0,0,0,0,0,0,2,1179,24,50,1
1974,2,5,75702.0,0,1,87,1073,0,629,145,37,37,1,10,5,13,6,0,0,1,0,0,0,0,623,1921,28,52,1
1951,3,5,59385.0,1,1,85,135,0,10,0,4,36,2,3,1,4,5,0,0,0,0,0,0,0,427,185,8,75,0
1966,2,4,37070.0,1,1,30,231,7,137,4,15,39,9,5,1,8,7,0,0,0,0,0,0,1,466,433,14,60,0
1951,2,3,44689.0,1,1,82,18,0,5,0,0,11,2,1,1,2,7,1,0,0,0,0,0,0,170,34,4,75,0
1958,2,5,53977.0,0,1,21,620,16,165,0,24,82,5,5,5,12,5,0,0,0,0,0,0,0,386,907,22,68,1
1966,4,4,7144.0,0,2,92,81,4,33,5,2,291,0,23,1,1,0,0,0,0,0,0,0,0,204,416,25,60,1
1964,2,4,18701.0,1,1,95,12,4,2,10,6,10,4,2,0,4,5,0,0,0,0,0,0,0,390,44,6,62,0
1956,2,3,90369.0,0,0,2,292,51,981,224,23,17,1,4,6,6,1,0,0,0,0,0,0,1,62,1588,16,70,1
1974,4,4,63159.0,0,0,74,965,34,586,89,86,37,1,3,5,8,3,1,0,0,0,0,0,0,601,1797,16,52,1
1966,2,5,37758.0,1,1,49,27,2,10,0,0,1,2,1,0,3,8,0,0,0,0,0,0,0,633,40,4,60,0
1963,4,4,46757.0,0,1,71,777,30,163,0,51,122,6,4,4,7,9,0,0,0,0,0,0,0,590,1143,15,63,1
1969,3,3,79734.0,0,0,72,572,8,232,23,62,17,1,4,3,6,1,0,0,0,1,0,0,0,1,914,13,57,1
1992,2,5,63207.0,0,0,68,438,169,565,91,169,70,1,2,3,6,7,0,0,0,1,0,0,0,525,1502,11,34,1
1954,2,2,72071.0,0,1,4,531,69,300,150,138,150,3,5,4,8,2,0,0,0,0,0,0,0,500,1338,17,72,1
1983,4,5,21840.0,1,0,80,17,0,9,0,0,1,1,1,0,3,9,0,0,0,0,0,0,0,343,27,4,43,0
1982,0,5,58582.0,0,1,15,402,35,106,101,77,42,2,9,2,9,5,0,1,0,0,0,0,0,274,763,20,44,1
1951,2,4,72282.0,0,0,70,503,27,419,90,139,153,1,5,7,9,7,0,0,0,0,0,0,1,345,1331,21,75,1
1956,2,3,50387.0,0,2,91,369,9,87,12,14,34,3,6,2,8,5,0,0,0,0,0,0,0,302,525,16,70,0
1961,4,5,32583.0,1,1,10,5,0,3,0,0,1,1,1,0,2,7,0,0,0,0,0,0,0,14,9,3,65,0
1962,2,5,62568.0,0,1,99,362,17,398,80,35,61,3,5,3,5,4,0,0,0,1,0,0,0,83,953,13,64,1
1971,3,2,44635.0,1,1,25,56,0,9,0,0,3,2,2,0,3,7,0,0,0,0,0,0,0,261,68,5,55,0
1971,3,4,33316.0,1,1,34,79,1,31,4,4,12,3,2,1,4,6,0,0,0,0,0,0,0,268,131,7,55,0
1968,2,3,63967.0,0,1,57,387,84,141,73,35,162,3,4,4,12,2,0,0,0,0,0,0,0,324,882,20,58,1
1978,0,5,52513.0,0,0,84,367,17,241,104,188,232,2,9,5,9,7,0,0,0,0,0,0,0,663,1149,23,48,1
1969,2,3,25293.0,1,0,51,15,0,11,0,2,9,1,1,1,2,8,0,0,0,0,0,0,0,287,37,4,57,0
1965,4,6,54111.0,0,1,97,267,6,54,8,3,50,2,5,2,6,5,0,0,0,0,0,0,0,308,388,13,61,0
1986,2,5,78394.0,0,0,13,298,27,697,216,24,166,1,4,6,5,2,0,0,0,0,0,0,1,499,1428,15,40,1
1958,3,3,80739.0,0,0,92,674,92,736,39,0,92,1,3,11,9,1,0,0,0,0,0,0,0,402,1633,23,68,1
1975,3,5,22669.0,1,0,30,16,14,36,37,22,48,3,4,1,2,9,0,0,0,0,0,0,1,403,173,7,51,0
1987,2,4,29236.0,1,0,30,37,4,24,16,9,9,2,4,0,3,9,0,0,0,0,0,0,0,264,99,7,39,0
1959,2,5,44911.0,0,1,11,159,0,22,2,1,31,3,4,1,4,7,0,0,0,0,0,0,0,471,215,9,67,0
1962,4,3,54693.0,0,1,72,686,17,142,23,26,35,8,6,4,13,6,0,0,0,0,0,0,0,497,929,23,64,1
1974,2,5,48186.0,1,0,39,97,3,66,12,7,34,3,4,1,4,7,0,0,0,0,0,0,0,101,219,9,52,0
1977,2,3,54809.0,1,1,0,63,6,57,13,13,22,4,2,1,5,4,0,0,0,0,0,0,1,291,174,8,49,0
1978,2,5,41580.0,1,1,15,56,5,24,4,0,3,3,2,1,3,5,0,0,0,0,0,0,0,566,92,6,48,0
1970,4,3,80336.0,0,0,12,209,19,456,160,142,66,1,2,9,13,1,0,0,0,0,0,0,0,293,1052,24,56,1
1957,2,3,47743.0,0,1,56,198,2,43,0,12,20,3,4,1,6,6,0,1,0,0,0,0,0,464,275,11,69,0
1955,0,3,62972.0,0,1,39,313,15,47,20,0,192,2,7,4,3,6,0,0,0,0,0,0,0,695,587,14,71,1
1954,4,2,57333.0,0,1,55,941,14,397,76,58,176,11,8,5,9,6,0,0,0,0,0,0,1,645,1662,22,72,1
1982,4,5,32313.0,1,0,60,86,4,56,2,4,7,3,4,0,4,9,0,0,0,0,0,0,0,503,159,8,44,0
1953,3,6,84953.0,0,0,73,167,48,602,63,72,72,1,3,10,4,2,0,1,1,1,0,0,1,391,1024,17,73,1
1968,3,2,27071.0,1,0,90,8,3,19,0,2,3,2,2,0,3,6,0,0,0,0,0,0,0,67,35,5,58,0
1957,3,5,68148.0,0,0,86,389,66,408,37,57,85,1,4,4,6,2,0,0,0,0,0,0,0,302,1042,14,69,1
1965,3,5,65735.0,1,1,37,239,7,119,4,15,11,5,6,2,6,7,0,0,0,0,0,0,0,204,395,14,61,0
1975,4,3,86836.0,0,0,7,179,21,273,0,21,63,1,6,10,6,5,1,0,1,1,0,0,1,655,557,22,51,1
1963,4,3,4023.0,1,1,29,5,0,1,1,1,1,15,0,0,0,19,0,0,0,0,0,0,0,6,9,0,63,0
1990,2,3,30093.0,0,0,19,2,6,28,13,4,16,1,2,0,3,7,0,0,0,0,0,0,0,356,69,5,36,0
1966,4,3,57705.0,0,1,14,383,0,53,6,4,40,3,8,1,6,6,0,0,0,0,0,0,0,169,486,15,60,0
1988,2,4,25008.0,1,0,72,2,8,8,6,1,9,2,1,0,3,8,0,0,0,0,0,0,0,147,34,4,38,0
1995,0,4,83257.0,0,0,56,536,27,590,38,107,67,1,5,10,12,6,1,0,1,0,0,1,1,649,1365,27,31,1
1975,2,5,22280.0,1,0,85,2,1,4,3,1,2,1,1,0,2,8,0,0,0,0,0,0,0,406,13,3,51,0
1978,4,3,72159.0,0,0,62,322,53,899,34,40,53,1,4,6,10,2,0,0,0,0,0,0,0,608,1401,20,48,1
1961,2,5,64260.0,0,0,1,539,169,816,20,0,30,1,4,5,4,3,0,0,0,0,0,0,1,534,1574,13,65,1
1984,4,4,82733.0,0,0,28,712,50,420,65,38,38,1,8,4,7,4,0,0,0,0,0,0,1,292,1323,19,42,1
1971,3,2,74290.0,0,1,70,1121,0,72,0,12,12,4,10,8,10,6,0,1,0,1,0,0,0,321,1217,28,55,1
1951,3,4,58217.0,2,1,84,68,1,13,3,5,13,1,2,0,4,6,0,0,0,0,0,0,0,589,103,6,75,0
1976,3,5,21024.0,0,0,89,36,4,18,6,2,18,1,2,0,4,7,0,0,0,0,0,0,0,360,84,6,50,0
1972,4,3,70116.0,0,0,73,707,44,603,95,58,29,1,2,8,12,1,0,0,0,0,0,0,0,519,1536,22,54,1
1985,2,5,54006.0,1,0,42,174,77,203,6,24,97,2,8,1,7,7,0,0,0,0,0,0,0,649,581,16,41,0
1966,4,3,69063.0,0,1,16,666,35,124,69,8,26,1,5,3,5,3,0,0,0,0,0,0,0,599,928,13,60,1
1975,0,2,11448.0,0,0,16,0,0,0,6,2,6,1,1,0,2,6,0,0,0,0,0,0,0,196,14,3,51,0
1979,2,4,61825.0,0,1,56,162,50,100,55,30,27,1,4,2,8,4,0,0,0,0,0,0,0,326,424,14,47,0
1971,2,3,70886.0,1,0,65,407,70,239,103,88,53,1,5,4,4,2,0,0,0,0,0,0,0,258,960,13,55,1
1982,2,3,69109.0,0,0,10,823,25,459,124,29,95,1,6,6,7,4,0,0,1,0,0,0,1,597,1555,19,44,1
1973,2,6,60208.0,1,1,13,488,23,71,15,0,59,11,8,3,7,7,0,1,0,0,0,0,1,630,656,18,53,1
1968,3,5,32889.0,1,1,78,28,0,13,4,2,8,3,2,1,3,5,0,0,0,0,0,0,0,296,55,6,58,0
1984,2,4,34738.0,1,0,51,3,2,10,3,0,2,1,1,0,3,6,0,0,0,0,0,0,0,49,20,4,42,0
1971,3,5,30538.0,1,0,27,284,0,52,8,3,20,4,9,0,4,10,0,0,0,0,0,0,0,636,367,13,55,0
1977,0,5,82326.0,0,0,30,938,142,754,159,81,183,1,5,10,6,2,0,1,1,1,0,0,1,111,2257,21,49,1
1967,4,2,26642.0,1,0,71,13,2,15,2,2,8,2,2,0,3,6,0,0,0,0,0,0,0,120,42,5,59,0
1964,2,2,69932.0,0,1,97,412,172,153,150,105,57,2,7,6,11,4,0,0,0,0,0,0,0,382,1049,24,62,1
1972,2,4,44503.0,1,1,83,31,1,8,0,0,8,2,2,0,3,6,0,0,0,0,0,0,0,74,48,5,54,0
1948,4,4,60200.0,0,1,3,502,19,132,0,6,26,6,6,2,11,6,0,0,0,0,0,0,0,543,685,19,78,1
1952,2,2,49638.0,0,1,71,18,10,3,3,5,0,1,1,0,3,2,0,0,0,0,0,0,0,71,39,4,74,0
1987,0,4,23830.0,0,0,3,1,8,6,4,8,16,1,1,0,3,7,0,0,0,0,0,0,0,142,43,4,39,0
1959,3,6,33051.0,0,0,15,100,71,243,108,94,219,3,9,1,8,9,0,0,0,0,0,0,1,682,835,18,67,1
1958,2,3,72905.0,0,0,52,407,114,445,181,165,203,1,3,7,9,1,0,0,0,1,0,0,0,159,1515,19,68,1
1951,4,5,69702.0,0,1,8,664,9,240,50,19,57,2,7,7,10,4,0,0,0,0,0,0,0,495,1039,24,75,1
1975,2,2,70300.0,1,0,89,1045,61,338,60,46,46,3,5,5,13,8,0,0,0,0,0,0,0,349,1596,23,51,1
1984,4,3,70643.0,0,0,66,1218,107,304,23,143,33,1,5,8,4,6,0,0,0,0,0,0,1,622,1828,17,42,1
1969,4,3,30396.0,1,0,22,15,0,6,0,1,12,2,1,1,2,7,1,0,0,0,0,0,1,60,34,4,57,0
1968,4,2,50616.0,0,1,56,128,0,16,0,1,4,2,4,0,4,7,0,0,0,0,0,0,0,72,149,8,58,0
1969,3,4,62772.0,0,1,74,581,49,157,43,8,108,1,5,6,11,2,0,1,0,0,0,0,0,406,946,22,57,1
1985,4,4,30298.0,0,0,48,6,3,12,6,1,0,1,1,1,3,3,0,0,0,0,0,0,0,41,28,5,41,0
1984,2,4,52413.0,1,0,67,185,8,133,56,56,12,2,7,1,7,7,0,0,0,0,0,0,0,603,450,15,42,0
1957,4,3,44155.0,1,1,24,22,1,9,0,0,14,1,1,1,2,4,0,0,0,0,0,0,0,161,46,4,69,0
1971,4,2,86979.0,0,0,67,584,100,835,65,83,35,1,5,5,5,2,1,0,0,0,0,0,1,234,1702,15,55,1
1975,2,5,76532.0,1,1,38,355,30,177,90,138,30,4,9,5,7,5,0,0,0,0,0,0,0,293,820,21,51,1
1982,2,3,42081.0,1,0,86,175,10,110,54,6,27,2,6,3,4,6,1,0,0,0,0,0,0,488,382,13,44,0
1988,4,3,67546.0,0,0,90,864,134,768,150,38,172,1,4,10,5,3,0,0,0,0,0,0,0,667,2126,19,38,1
1989,3,5,88420.0,0,0,87,957,153,612,99,95,153,1,4,7,8,1,1,0,1,1,0,0,0,58,2069,19,37,1
1985,2,3,31158.0,1,0,62,25,6,16,20,0,5,2,2,0,3,8,0,0,0,0,0,0,0,518,72,5,41,0
1968,2,2,61671.0,0,1,23,641,7,56,0,0,28,8,10,4,6,8,0,1,0,1,0,0,0,26,732,20,58,1
1974,2,4,69719.0,0,0,99,273,86,208,177,14,43,1,2,3,5,1,0,0,0,0,0,0,0,34,801,10,52,1
1949,2,2,49160.0,0,1,29,122,21,43,25,10,15,2,3,1,6,6,0,0,0,0,0,0,0,252,236,10,77,0
1978,1,5,24882.0,1,0,52,1,4,10,29,0,36,1,1,1,2,6,1,0,0,0,0,0,0,658,80,4,48,0
1954,4,4,90933.0,0,0,90,1020,31,430,62,63,79,1,4,6,4,1,0,0,1,0,0,0,0,90,1685,14,72,1
1945,4,4,113734.0,0,0,9,6,2,3,1,262,3,0,27,0,0,1,0,0,0,0,0,0,0,32,277,27,81,1
1950,4,5,59292.0,0,1,71,378,14,68,19,14,14,2,3,5,8,3,0,0,0,0,0,0,0,381,507,16,76,1
1964,4,3,45759.0,1,1,13,42,1,18,3,0,4,2,2,0,3,7,0,0,0,0,0,0,0,491,68,5,62,0
1983,2,4,22148.0,0,0,16,15,5,14,0,4,11,1,1,0,3,7,0,0,0,0,0,0,0,77,49,4,43,0
1987,3,3,73395.0,0,0,94,272,7,80,20,7,11,1,4,4,6,2,0,0,0,0,0,0,0,103,397,14,39,0
1971,2,2,29819.0,1,0,77,9,1,24,2,1,2,3,3,0,3,6,0,0,0,0,0,0,0,248,39,6,55,0
1968,2,3,45688.0,0,1,20,279,0,18,0,0,9,2,3,1,8,4,0,1,0,0,0,0,0,155,306,12,58,0
1954,2,3,62820.0,0,0,51,398,61,265,138,61,53,1,3,4,6,1,0,0,0,0,0,0,0,414,976,13,72,1
1971,4,3,60491.0,0,1,81,637,47,237,12,19,76,4,6,11,7,5,0,0,0,0,0,0,0,296,1028,24,55,1
1986,2,5,33235.0,1,0,71,45,0,16,2,1,6,1,3,0,3,7,0,0,0,0,0,0,0,144,70,6,40,0
1959,2,3,35701.0,0,0,36,21,1,9,7,3,5,1,1,0,3,6,0,0,0,0,0,0,0,467,46,4,67,0
1980,3,3,31535.0,1,0,95,15,4,13,0,0,19,1,1,1,2,7,1,0,0,0,0,0,0,276,51,4,46,0
1960,0,5,92556.0,0,0,32,493,183,352,184,23,28,0,3,5,13,0,0,0,0,0,0,0,0,70,1263,21,66,1
1970,2,4,67384.0,0,1,32,957,40,175,158,53,107,2,7,8,5,5,0,1,0,0,0,0,0,596,1490,20,56,1
1971,3,5,80573.0,0,0,85,829,138,430,60,92,15,1,4,6,13,2,0,0,0,0,0,0,0,623,1564,23,55,1
1967,2,3,77870.0,0,1,93,1017,50,500,65,50,133,3,5,5,5,8,0,1,0,1,0,0,1,676,1815,15,59,1
1963,4,6,52278.0,0,1,24,953,0,71,0,0,174,6,10,5,10,8,0,0,0,0,0,0,0,520,1198,25,63,1
1968,2,4,57107.0,0,1,44,159,0,120,0,0,137,7,4,4,8,8,0,1,0,0,1,0,1,674,416,16,58,1
1990,2,3,18929.0,0,0,15,32,0,8,23,4,18,1,1,0,4,6,0,0,0,0,0,0,0,498,85,5,36,0
1981,4,4,36038.0,1,0,82,23,0,15,0,2,7,2,3,0,3,6,0,0,0,0,0,0,0,394,47,6,45,0
1976,2,4,20180.0,0,0,27,18,42,24,15,20,18,1,2,1,4,7,0,0,0,0,0,0,0,494,137,7,50,0
1965,4,5,34230.0,1,1,72,15,0,4,0,0,2,1,1,0,2,7,0,0,0,0,0,0,0,550,21,3,61,0
1977,0,4,31878.0,0,1,7,23,4,5,10,5,23,1,1,0,4,3,0,0,0,0,0,0,0,7,70,5,49,0
1972,0,3,70932.0,0,1,57,200,193,100,46,185,185,2,6,2,12,3,0,0,0,0,0,0,0,161,909,20,54,1
1956,2,4,91249.0,0,0,84,1324,27,119,71,108,27,0,7,9,6,4,0,1,1,1,1,0,1,617,1676,22,70,1
1943,3,4,77598.0,0,0,53,1193,33,281,129,66,33,1,7,5,13,3,0,0,1,0,0,0,0,271,1735,25,83,1
1959,2,4,80982.0,1,1,48,505,137,401,104,22,22,3,11,5,11,5,0,0,0,0,0,1,0,537,1191,27,67,1
1977,3,3,22701.0,1,0,2,2,4,9,0,4,5,1,1,0,3,5,0,0,0,0,0,0,0,297,24,4,49,0
1969,4,3,55212.0,0,1,65,1103,0,45,0,0,34,3,4,2,11,8,0,1,0,0,1,0,0,583,1182,17,57,1
1970,2,3,70617.0,0,0,45,353,61,753,40,46,27,1,3,3,7,2,0,0,0,0,0,0,0,371,1280,13,56,1
1957,2,4,64849.0,0,0,42,652,48,350,94,84,108,1,9,3,6,5,0,0,0,0,0,0,1,593,1336,18,69,1
1965,3,3,62694.0,1,1,29,379,6,157,25,91,91,5,9,3,7,7,0,0,0,0,0,0,0,377,749,19,61,1
1974,4,3,61917.0,1,1,83,46,4,36,2,2,1,1,2,0,4,5,0,0,0,0,0,0,0,221,91,6,52,0
1947,4,3,67472.0,0,1,93,162,31,127,8,17,69,2,4,2,7,3,0,0,0,0,0,0,0,274,414,13,79,0
1982,3,3,21059.0,1,0,40,8,3,19,3,3,8,3,3,0,3,6,0,0,0,0,0,0,0,173,44,6,44,0
1968,3,3,29543.0,2,0,47,17,3,18,3,4,18,2,3,1,2,7,0,0,0,0,0,0,0,89,63,6,58,0
1951,2,3,75903.0,0,1,50,340,108,185,130,38,100,2,6,6,9,3,0,0,0,0,0,0,0,447,901,21,75,1
1975,0,5,34984.0,1,1,40,8,4,15,3,5,3,2,1,0,3,7,0,0,0,0,0,0,0,661,38,4,51,0
1956,4,4,54998.0,0,1,3,154,22,202,39,30,8,5,4,2,9,4,0,0,0,0,0,0,1,476,455,15,70,1
1949,4,6,54356.0,0,1,62,710,15,30,20,0,0,3,11,2,8,8,0,0,0,0,0,0,1,587,775,21,77,1
1959,3,3,34242.0,0,1,25,8,2,4,0,0,1,1,0,0,3,5,0,0,0,0,0,0,0,98,15,3,67,0
1973,2,3,25410.0,1,0,48,2,2,4,13,13,4,1,1,0,4,4,0,0,0,0,0,0,0,302,38,5,53,0
1984,4,3,73356.0,0,0,56,1050,14,322,0,14,112,1,5,11,5,2,1,0,1,1,0,0,1,143,1512,21,42,1
1950,2,5,28320.0,0,1,68,19,1,14,3,2,4,1,1,0,3,8,0,0,0,0,0,0,0,531,43,4,76,0
1977,2,4,23763.0,1,0,64,22,0,6,6,2,6,1,1,0,3,7,0,0,0,0,0,0,0,691,42,4,49,0
1984,2,3,72570.0,0,0,67,274,83,216,151,141,224,1,4,6,12,1,0,0,0,0,0,0,0,65,1089,22,42,1
1976,3,3,34529.0,1,0,94,68,6,38,3,6,41,2,2,2,3,7,0,0,0,0,0,0,0,653,162,7,50,0
1951,2,6,70792.0,0,0,82,344,45,654,104,11,114,2,3,4,10,3,0,0,0,0,0,0,0,508,1272,17,75,1
1982,2,3,63211.0,0,0,3,145,193,459,205,26,145,2,3,8,7,2,0,0,0,0,0,0,1,604,1173,18,44,1
1974,3,3,83891.0,0,1,24,217,38,350,111,85,15,1,4,7,10,1,0,0,0,0,0,0,0,9,816,21,52,1
1968,2,4,36065.0,1,1,54,18,7,34,10,2,3,3,3,0,3,8,0,0,0,0,0,0,0,455,74,6,58,0
1954,2,5,39898.0,0,1,20,69,8,26,12,7,12,2,3,0,4,7,0,0,0,0,0,0,0,502,134,7,72,0
1940,4,4,51141.0,0,0,96,144,0,7,0,0,6,1,3,1,4,5,0,0,0,0,0,0,0,356,157,8,86,0
1976,2,3,56939.0,0,1,19,256,34,103,90,29,49,2,3,3,10,3,0,0,0,0,0,0,0,284,561,16,50,1
1951,2,4,80872.0,0,0,60,483,72,567,94,12,108,1,4,4,10,1,0,0,0,0,0,0,0,48,1336,18,75,1
1976,4,5,72335.0,0,0,2,1285,105,653,28,21,0,1,10,4,8,8,0,0,0,0,0,0,1,685,2092,22,50,1
1964,4,4,61798.0,0,0,13,338,4,89,11,8,13,1,4,2,9,4,0,0,0,0,0,0,0,218,463,15,62,0
1950,4,6,76842.0,0,0,37,605,10,345,84,54,32,1,1,8,7,0,0,0,0,0,0,0,0,57,1130,16,76,1
1976,2,5,29478.0,1,0,59,8,0,7,3,1,1,1,1,0,3,6,0,0,0,0,0,0,0,163,20,4,50,0
1956,2,4,46998.0,0,1,55,172,41,86,45,6,27,5,5,3,5,7,1,0,0,0,0,0,0,615,377,13,70,0
1990,2,4,96843.0,0,0,60,448,71,951,40,17,17,1,6,11,10,2,0,0,1,0,0,0,1,432,1544,27,36,1
1950,4,6,56551.0,1,1,48,67,4,32,17,2,16,3,2,1,4,4,0,0,0,0,0,0,0,53,138,7,76,0
1965,3,3,70053.0,0,1,38,512,53,98,81,179,89,3,8,5,10,5,0,0,0,0,0,0,0,361,1012,23,61,1
1962,4,6,71670.0,0,0,8,1462,16,128,0,0,160,1,5,3,6,6,0,1,1,0,1,0,1,355,1766,14,64,1
1978,2,3,44359.0,1,1,19,20,0,14,7,3,1,3,2,0,4,3,0,0,0,0,0,0,0,12,45,6,48,0
1952,2,4,40887.0,1,1,32,50,4,44,10,10,43,3,3,1,3,9,0,0,0,0,0,0,1,419,161,7,74,0
1966,2,2,48877.0,0,1,27,102,1,15,2,0,24,1,3,0,4,7,0,0,0,0,0,0,0,175,144,7,60,0
1947,2,5,74485.0,0,0,58,499,149,815,173,49,49,1,6,7,12,3,0,0,0,0,0,0,0,309,1734,25,79,1
1972,2,5,64474.0,0,1,59,381,35,172,56,86,93,2,8,2,10,5,0,0,0,0,0,0,0,250,823,20,54,1
1963,2,5,77226.0,0,1,29,631,43,239,128,76,21,2,6,8,12,3,0,0,0,0,0,0,0,121,1138,26,63,1
1949,2,6,72643.0,0,0,60,526,80,553,123,94,53,1,3,10,7,2,0,0,0,1,0,0,1,487,1429,20,77,1
1978,3,5,85738.0,0,0,41,913,26,376,17,26,13,1,3,6,11,1,0,1,1,0,0,0,0,157,1371,20,48,1
1966,2,2,55686.0,0,1,27,673,0,199,37,47,26,2,6,3,5,4,1,0,0,0,0,0,0,500,982,14,60,1
1983,2,4,39062.0,1,0,28,23,0,9,0,0,12,1,1,0,3,4,1,0,0,0,0,0,0,96,44,4,43,0
1971,2,5,34600.0,1,1,8,199,33,60,8,3,15,5,5,2,5,8,0,0,0,0,0,0,1,544,318,12,55,0
1975,2,3,40794.0,0,1,18,261,23,73,4,23,50,2,6,3,5,7,0,0,0,0,0,0,0,448,434,14,51,0
1971,0,3,54690.0,1,1,76,111,16,37,7,9,18,3,3,1,5,3,0,0,0,0,0,0,0,234,198,9,55,0
1969,2,3,4428.0,0,1,0,16,4,12,2,4,321,0,25,0,0,1,0,0,0,0,0,0,0,267,359,25,57,1
1963,0,3,32632.0,0,0,32,63,151,137,153,19,53,2,4,4,8,5,0,0,0,0,0,0,0,696,576,16,63,1
1968,4,4,38236.0,1,1,2,58,0,18,2,0,10,4,3,0,4,7,0,0,0,0,0,0,0,282,88,7,58,0
1979,2,3,36781.0,1,0,16,29,1,17,0,3,13,1,2,1,2,8,0,0,0,0,0,0,1,80,63,5,47,0
1984,3,4,31385.0,1,0,56,3,2,12,0,1,9,1,1,0,2,8,1,0,0,0,0,0,1,571,27,3,42,0
1984,2,3,24570.0,1,0,97,28,34,62,11,14,44,3,4,0,4,9,0,0,0,0,0,0,0,487,193,8,42,0
1974,4,2,25509.0,1,0,15,40,3,30,10,7,11,3,3,0,3,9,0,0,0,0,0,0,1,649,101,6,52,0
1951,2,3,94642.0,0,0,35,879,143,797,106,143,143,0,5,7,9,1,0,0,1,1,0,0,0,137,2211,21,75,1
1962,3,3,58646.0,0,1,3,62,1,44,6,5,22,1,2,1,4,4,0,0,0,0,0,0,0,384,140,7,64,0
1975,2,4,53201.0,1,1,49,280,7,81,20,0,27,8,6,3,5,7,0,0,0,0,0,0,0,502,415,14,51,0
1957,2,5,21994.0,0,1,4,9,0,6,3,1,3,1,0,0,3,5,0,0,0,0,0,0,0,552,22,3,69,0
1978,2,3,57113.0,1,1,45,182,4,33,0,2,42,6,4,1,5,7,0,0,0,0,0,0,0,508,263,10,48,0
1991,2,3,51373.0,0,0,37,83,2,101,64,26,117,1,3,5,3,4,0,0,0,0,0,0,0,372,393,11,35,0
1986,2,3,23477.0,1,0,39,38,15,54,3,8,29,3,3,0,4,8,0,0,0,0,0,0,0,251,147,7,40,0
1956,2,3,58116.0,0,1,38,228,19,130,4,11,51,2,3,3,8,2,0,0,0,0,0,0,0,77,443,14,70,0
1963,4,2,72968.0,0,0,8,1092,37,592,145,37,55,1,5,5,8,3,0,0,0,1,0,0,1,195,1958,18,63,1
1971,3,3,39791.0,0,1,89,85,15,27,13,13,21,2,3,1,4,7,0,0,0,0,0,0,0,458,174,8,55,0
1947,3,4,91712.0,0,0,47,1276,24,746,94,29,48,0,9,7,11,3,0,0,1,0,0,0,1,255,2217,27,79,1
1958,2,4,94472.0,0,1,75,1017,33,417,108,100,16,1,5,5,5,5,0,1,1,0,0,0,0,87,1691,15,68,1
1960,2,5,13672.0,1,1,86,6,2,9,2,1,5,2,1,0,3,8,0,0,0,0,0,0,0,438,25,4,66,0
1980,0,3,96547.0,0,0,4,448,21,125,52,101,62,0,7,6,8,2,1,0,1,1,0,0,1,37,809,21,46,1
1975,2,3,79205.0,0,0,73,504,23,117,179,28,44,1,6,5,4,4,0,0,0,1,0,0,1,669,895,15,51,1
1975,4,5,56559.0,0,1,46,226,22,133,41,31,31,3,4,3,8,4,0,0,0,0,0,0,0,551,484,15,51,0
1973,4,3,32644.0,1,0,38,239,3,141,0,7,23,4,7,1,6,8,1,0,0,0,0,0,0,529,413,14,53,0
1980,0,4,67506.0,0,1,73,90,38,67,33,36,67,1,4,1,6,3,0,0,0,0,0,0,0,178,331,11,46,0
1970,2,4,24206.0,1,0,66,7,2,8,3,2,3,1,1,0,3,6,0,0,0,0,0,0,0,478,25,4,56,0
1967,4,2,28420.0,1,0,36,4,2,5,2,0,0,1,1,0,2,6,0,0,0,0,0,0,0,187,13,3,59,0
1970,2,3,22979.0,1,0,29,16,17,19,20,21,22,3,3,2,2,8,0,0,0,0,0,0,1,661,115,7,56,0
1966,2,4,33279.0,0,0,29,10,3,3,0,0,0,1,0,0,3,3,0,0,0,0,0,0,0,17,16,3,60,0
1972,3,4,46423.0,1,1,6,68,0,16,0,0,8,3,2,0,4,7,0,0,0,0,0,0,0,284,92,6,54,0
1977,2,3,30368.0,0,1,97,35,0,13,2,0,2,2,2,0,3,8,0,0,0,0,0,0,0,234,52,5,49,0
1970,2,3,63684.0,0,1,61,575,80,428,208,93,80,3,8,4,8,5,0,0,0,0,0,0,0,580,1464,20,56,1
1964,2,2,41638.0,0,1,68,315,0,31,4,0,91,4,5,5,3,8,1,0,0,0,0,0,0,501,441,13,62,0
1959,4,2,68805.0,0,1,73,182,2,49,17,13,20,1,3,1,7,2,0,0,0,0,0,0,0,285,283,11,67,0
1966,4,5,65814.0,0,1,90,561,14,113,10,14,35,3,8,2,10,5,0,0,0,0,0,0,0,119,747,20,60,1
1958,2,2,71964.0,0,0,81,587,51,932,180,34,86,1,5,6,5,3,0,0,0,0,0,0,0,405,1870,16,68,1
1986,2,4,39146.0,1,0,1,94,1,33,13,12,12,3,4,0,4,8,0,0,0,0,0,0,0,500,165,8,40,0
1977,2,5,96876.0,0,0,79,908,43,735,40,194,21,1,7,7,9,2,0,1,1,1,0,0,1,327,1941,23,49,1
1981,1,3,34445.0,0,0,92,228,122,122,208,129,30,6,11,2,8,9,0,0,0,0,0,0,0,518,839,21,45,1
1958,2,4,68281.0,0,0,31,995,112,417,42,48,41,1,2,9,13,5,0,0,0,0,0,0,1,691,1655,24,68,1
1975,0,3,37284.0,1,1,46,11,1,2,2,1,6,1,0,0,3,6,0,0,0,0,0,0,0,457,23,3,51,0
1983,2,3,36790.0,0,0,14,3,3,14,15,21,10,1,2,1,2,9,0,0,0,0,0,0,1,485,66,5,43,0
1967,2,5,27943.0,1,1,89,12,1,16,4,1,3,3,2,0,3,8,0,0,0,0,0,0,0,440,37,5,59,0
1951,2,2,22263.0,1,1,31,17,0,2,0,0,2,2,1,0,3,6,0,0,0,0,0,1,0,91,21,4,75,0
1972,2,5,30261.0,1,2,75,8,0,5,0,3,6,1,0,0,3,8,0,0,0,0,0,0,0,642,22,3,54,0
1978,2,5,28587.0,1,0,42,22,4,17,12,10,13,3,2,0,4,6,0,0,0,0,0,0,0,137,78,6,48,0
1982,3,3,43815.0,1,0,53,14,10,29,4,7,15,1,2,0,3,6,0,0,0,0,0,0,0,450,79,5,44,0
1956,2,3,48195.0,1,1,53,106,27,68,52,7,5,6,4,2,5,6,0,0,0,0,0,0,0,159,265,11,70,0
1952,3,3,77027.0,0,1,23,820,57,242,45,0,11,2,8,3,6,4,0,0,0,0,0,0,0,144,1175,17,74,1
1965,4,3,71322.0,0,1,57,753,43,226,69,10,204,2,8,5,13,4,0,0,0,0,0,0,0,498,1305,26,61,1
1979,3,3,32765.0,1,0,49,13,3,17,7,3,3,2,2,0,4,5,0,0,0,0,0,0,0,126,46,6,47,0
1965,2,5,29672.0,1,1,6,9,1,3,0,4,8,1,0,0,3,6,0,0,0,0,0,0,0,474,25,3,61,0
1953,2,2,23272.0,0,0,29,19,3,6,4,2,12,1,1,0,3,4,0,0,0,0,0,0,0,255,46,4,73,0
1949,3,5,49912.0,0,1,5,520,8,223,32,49,42,4,10,5,7,8,1,0,0,0,0,0,1,660,874,22,77,1
1985,0,5,7500.0,1,0,98,5,17,17,13,14,34,4,2,1,3,9,0,0,0,0,0,0,0,697,100,6,41,0
1947,4,6,68117.0,0,1,80,618,44,215,0,17,36,2,11,8,4,6,1,0,0,0,0,0,1,476,930,23,79,1
1955,2,3,67225.0,0,1,4,315,35,322,46,7,143,3,7,2,11,5,0,0,0,0,0,0,0,215,868,20,71,1
1976,2,3,17649.0,1,0,70,15,1,23,0,5,1,3,3,0,3,8,0,0,0,0,0,0,0,229,45,6,50,0
1975,2,5,55914.0,0,1,32,384,60,364,119,101,232,4,11,6,8,7,0,0,0,0,0,0,0,426,1260,25,51,1
1984,2,3,40059.0,1,0,82,110,29,92,28,10,145,1,6,2,3,8,1,0,0,0,0,0,0,274,414,11,42,0
1950,2,5,60905.0,0,1,27,208,17,76,36,17,38,2,3,3,7,2,0,0,0,0,0,0,0,206,392,13,76,0
1977,2,3,75330.0,1,1,94,555,82,257,93,61,61,4,10,3,12,6,0,0,0,0,0,0,0,633,1109,25,49,1
1951,2,4,60689.0,0,1,23,240,90,216,63,6,24,4,4,4,10,3,0,0,0,0,0,0,0,393,639,18,75,1
1984,2,3,38680.0,1,0,97,11,0,36,15,5,12,1,2,0,3,7,0,0,0,0,0,0,0,458,79,5,42,0
1982,2,5,61416.0,0,0,25,848,154,323,201,61,78,1,10,3,10,6,1,0,0,0,0,0,0,506,1665,23,44,1
1991,2,4,49767.0,0,0,92,202,47,197,55,42,149,1,5,4,8,4,0,0,0,0,0,0,0,423,692,17,35,1
1970,2,4,83273.0,1,2,98,433,89,650,16,102,102,10,4,6,9,7,0,0,0,0,0,0,0,642,1392,19,56,1
1981,2,3,29009.0,1,0,19,6,6,15,10,5,2,2,2,0,3,6,0,0,0,0,0,0,0,212,44,5,45,0
1979,3,3,45057.0,1,0,80,37,0,7,3,0,3,1,2,0,3,5,0,0,0,0,0,0,0,210,50,5,47,0
1971,2,3,37150.0,1,0,80,167,37,64,49,34,116,8,4,3,6,7,0,0,0,0,0,0,0,656,467,13,55,0
1970,2,4,43020.0,1,0,79,45,7,99,4,25,43,3,4,1,4,6,0,0,0,0,0,0,0,211,223,9,56,0
1959,2,3,53154.0,0,1,50,129,0,21,0,1,7,1,3,1,4,4,0,0,0,0,0,0,0,20,158,8,67,0
1973,2,3,65308.0,0,0,60,713,0,264,120,80,34,1,7,8,12,4,0,0,1,1,0,0,0,291,1211,27,53,1
1970,2,4,76467.0,1,0,44,676,161,426,210,44,58,2,2,5,5,6,0,0,0,0,0,0,1,681,1575,12,56,1
1947,0,3,81044.0,0,0,0,450,26,535,73,98,26,1,5,6,10,1,0,0,0,0,0,0,0,184,1208,21,79,1
1951,2,3,32871.0,1,1,28,22,2,12,0,2,5,1,1,0,3,4,0,0,0,0,0,0,0,477,43,4,75,0
1975,2,4,55801.0,1,1,35,367,4,51,6,4,95,6,7,2,6,7,0,0,0,1,0,0,0,280,527,15,51,0
1959,2,6,76320.0,0,1,49,526,35,214,69,53,35,2,6,3,4,2,0,0,0,0,0,0,0,7,932,13,67,1
1955,3,4,36927.0,1,1,46,51,0,16,0,0,4,2,3,0,3,8,0,0,0,0,0,0,0,27,71,6,71,0
1953,2,5,48794.0,1,1,97,25,0,11,3,0,15,1,1,0,3,4,0,0,0,0,0,0,0,3,54,4,73,0
1965,2,4,23478.0,0,0,51,28,6,27,12,17,39,1,3,0,3,8,0,0,0,0,0,0,0,467,129,6,61,0
1973,2,2,71128.0,1,0,80,958,159,447,20,0,31,3,2,10,12,7,0,0,0,0,0,0,0,631,1615,24,53,1
1976,4,2,70179.0,0,1,10,532,88,168,69,44,133,3,7,3,13,5,0,0,0,0,0,0,0,343,1034,23,50,1
1950,2,3,59462.0,0,1,29,724,17,143,0,8,196,2,9,2,12,7,0,0,0,0,0,0,0,540,1088,23,76,1
1969,3,5,51381.5,1,1,52,375,42,48,94,66,96,7,4,10,4,3,0,0,0,0,0,0,0,407,721,18,57,1
1969,2,5,38361.0,1,0,74,39,0,56,20,8,14,3,3,1,3,7,0,0,0,0,0,0,0,184,137,7,57,0
1981,4,4,51381.5,1,0,82,23,0,15,0,2,7,2,3,0,3,6,0,0,0,0,0,0,0,394,47,6,45,0
1982,4,5,70038.0,0,0,54,587,54,348,71,54,130,1,4,4,8,2,0,0,0,0,0,0,0,247,1244,16,44,1
1978,2,5,42554.0,1,1,93,29,1,11,0,0,0,2,2,0,3,4,0,0,0,0,0,0,0,533,41,5,48,0
1974,2,3,67445.0,0,1,63,757,80,217,29,80,11,5,9,6,12,6,0,0,0,0,0,0,0,686,1174,27,52,1
1951,2,6,67046.0,0,1,92,544,35,133,23,151,107,2,4,5,4,2,0,0,0,0,0,0,0,539,993,13,75,1
1948,2,3,42192.0,0,0,40,40,15,15,17,6,7,1,2,1,3,4,0,0,0,0,0,0,0,296,100,6,78,0
1952,4,3,77610.0,0,1,70,1245,33,332,21,33,16,2,4,7,4,7,0,0,0,0,0,0,0,608,1680,15,74,1
1984,2,3,31761.0,1,0,96,19,1,20,16,14,28,2,3,0,4,5,0,0,0,0,0,0,0,85,98,7,42,0
1979,2,5,34350.0,1,0,81,16,3,15,2,1,11,1,1,0,3,7,0,0,0,0,0,0,0,253,48,4,47,0
1949,2,5,54591.0,0,1,63,376,4,94,12,9,24,3,6,2,8,5,0,0,0,0,0,0,0,328,519,16,77,0
1956,2,3,71866.0,0,1,85,184,178,178,103,39,33,1,6,3,10,3,0,0,0,0,0,0,0,186,715,19,70,1
1969,2,3,25293.0,1,0,51,15,0,11,0,2,9,1,1,1,2,8,0,0,0,0,0,0,0,287,37,4,57,0
1987,4,4,42000.0,0,0,23,124,83,267,85,59,35,2,5,2,11,5,0,0,0,0,0,0,1,535,653,18,39,1
1983,2,3,69520.0,0,0,95,627,120,414,121,80,93,1,9,6,5,5,0,0,0,0,0,0,0,357,1455,20,43,1
1970,2,2,64713.0,1,0,11,180,60,241,13,54,54,2,5,5,7,4,0,0,0,0,0,0,1,142,602,17,56,1
1977,3,3,27889.0,1,0,42,14,0,4,0,0,8,1,1,1,2,6,0,0,0,0,0,0,0,359,26,4,49,0
1960,1,6,22123.0,0,0,77,3,3,24,34,7,31,1,2,1,3,5,0,0,0,0,0,0,0,94,102,6,66,0
1971,2,3,51381.5,1,1,82,71,1,16,0,0,9,4,2,1,3,8,0,0,0,0,0,0,0,483,97,6,55,0
1954,3,5,51381.5,0,1,83,161,0,22,0,0,24,2,4,1,4,6,0,0,0,0,0,0,0,371,207,9,72,0
1973,2,3,27803.0,1,0,40,8,26,46,38,9,49,2,3,0,4,8,0,0,0,0,0,0,0,672,176,7,53,0
1955,2,4,51381.5,0,1,95,264,0,21,12,6,147,3,6,1,5,7,0,0,0,0,0,0,0,254,450,12,71,0
1960,2,3,51651.0,0,1,32,293,6,23,13,6,92,4,6,2,5,8,0,0,0,0,0,0,0,599,433,13,66,0
1988,2,3,68487.0,0,0,48,758,12,385,33,89,89,1,9,7,13,4,0,0,0,0,0,0,0,532,1366,29,38,1
1943,3,6,51381.5,0,0,75,532,126,490,164,126,126,1,5,5,11,1,0,0,1,0,0,0,1,242,1564,21,83,1
1969,2,3,56796.0,0,1,24,656,38,161,62,47,37,3,8,9,7,7,0,0,0,0,0,0,0,498,1001,24,57,1
1992,0,3,87000.0,0,0,61,196,25,607,67,17,49,1,4,6,7,2,0,0,0,0,0,0,0,561,961,17,34,1
1959,2,3,79823.0,0,1,6,835,73,380,114,73,43,1,6,9,7,2,0,1,0,0,0,0,0,90,1518,22,67,1
1980,2,4,30828.0,1,0,16,16,11,15,2,0,12,2,1,1,4,3,0,0,0,0,0,0,0,268,56,6,46,0
1971,3,3,34109.0,0,1,39,9,1,5,2,1,4,1,0,0,3,4,0,0,0,0,0,0,0,235,22,3,55,0
1974,3,2,53367.0,1,1,2,229,7,140,10,3,11,7,5,1,8,7,0,0,0,0,0,0,1,302,400,14,52,0
1969,1,5,22390.0,0,0,49,0,1,4,15,1,5,1,1,0,2,7,0,0,0,0,0,0,0,251,26,3,57,0
1976,2,5,71322.0,0,1,31,121,24,124,24,15,42,1,4,1,7,2,0,0,0,0,0,0,0,58,350,12,50,0
1993,2,0,79244.0,0,0,58,471,102,125,212,61,245,1,4,10,7,1,0,0,1,1,0,0,1,557,1216,21,33,1
1949,3,5,49912.0,0,1,5,520,8,223,32,49,42,4,10,5,7,8,1,0,0,0,0,0,1,660,874,22,77,1
1950,4,3,48699.0,1,1,90,26,1,10,2,0,1,1,1,0,3,5,0,0,0,0,0,0,0,404,40,4,76,0
1975,2,5,80144.0,0,0,47,240,132,445,250,192,108,1,3,7,8,1,0,0,0,0,0,0,0,272,1367,18,51,1
1956,2,4,54252.0,1,1,25,178,4,26,8,4,44,5,4,1,5,6,0,0,0,0,0,0,0,397,264,10,70,0
1976,3,3,81929.0,1,0,60,1486,55,278,49,0,185,2,4,4,10,6,1,0,1,0,0,0,1,638,2053,18,50,1
1975,2,3,76068.0,0,1,67,1115,12,128,33,12,76,1,2,3,4,6,0,1,0,0,1,0,0,577,1376,9,51,1
1976,3,3,53204.0,1,1,40,29,0,8,2,0,6,1,1,0,3,4,0,0,0,0,0,0,0,101,45,4,50,0
1949,4,5,67911.0,0,1,63,529,0,356,63,28,0,3,6,7,11,3,0,0,0,0,0,0,0,38,976,24,77,1
1984,0,3,14796.0,1,0,1,13,3,8,7,4,16,2,1,0,3,9,0,0,0,0,0,0,1,650,51,4,42,0
1974,4,3,78128.0,0,1,89,934,24,230,16,24,36,2,8,4,6,3,0,1,1,0,0,0,0,130,1264,18,52,1
1972,1,3,14188.0,0,0,40,2,7,11,16,12,27,1,2,0,4,6,0,0,0,0,0,0,0,486,75,6,54,0
1986,1,3,20425.0,1,0,5,4,12,5,3,16,17,2,2,0,3,7,0,0,0,0,0,0,0,608,57,5,40,0
1962,3,3,58646.0,0,1,3,62,1,44,6,5,22,1,2,1,4,4,0,0,0,0,0,0,0,384,140,7,64,0
1970,2,2,72967.0,0,1,1,158,35,179,0,0,125,2,7,2,8,5,1,0,0,0,0,0,1,561,497,17,56,1
1949,3,3,48150.0,0,1,24,173,2,39,3,2,47,3,5,1,4,7,0,0,0,0,0,0,0,386,266,10,77,0
1961,2,4,82332.0,0,0,89,830,59,968,51,79,19,1,5,3,12,2,0,0,1,0,0,0,1,650,2006,20,65,1
1955,2,6,58275.0,1,1,48,189,10,253,56,43,64,6,8,2,7,7,0,0,0,0,0,0,0,392,615,17,71,0
1981,4,5,44953.0,0,0,31,728,17,133,11,8,124,1,7,3,13,6,1,0,0,0,0,0,0,555,1021,23,45,1
1953,2,5,34587.0,1,1,68,7,2,9,2,0,2,2,1,0,3,4,0,0,0,0,0,0,0,44,22,4,73,0
1974,3,5,43018.0,0,1,46,35,4,17,7,6,64,1,2,2,2,5,0,0,0,0,0,0,0,240,133,6,52,0
1954,3,3,45736.0,0,1,92,188,3,180,20,3,43,5,7,1,6,7,0,0,0,0,0,0,0,340,437,14,72,0
1969,3,5,66476.0,0,1,80,742,28,152,25,9,57,2,6,8,10,4,0,0,0,0,0,0,0,207,1013,24,57,1
1981,0,3,27733.0,1,0,16,0,7,5,26,2,17,2,2,0,3,7,0,0,0,0,0,0,0,307,57,5,45,0
1952,4,5,69805.0,0,1,50,750,71,174,13,10,20,2,6,8,11,2,0,0,0,0,0,0,0,159,1038,25,74,1
1962,3,4,72217.0,0,0,93,816,42,450,55,56,154,1,3,10,8,2,0,0,0,0,0,0,0,445,1573,21,64,1
1971,2,2,25818.0,1,0,51,5,2,8,2,2,9,1,0,1,2,7,0,0,0,0,0,0,0,619,28,3,55,0
1976,3,5,37509.0,1,0,24,37,5,56,12,8,5,2,3,0,4,7,0,0,0,0,0,0,0,655,123,7,50,0
1976,0,5,25176.0,1,1,79,4,0,4,0,0,5,1,1,0,2,7,0,0,0,0,0,0,0,323,13,3,50,0
1980,2,3,43586.0,0,1,26,99,2,11,4,0,16,3,3,0,4,8,0,0,0,0,0,0,0,668,132,7,46,0
1956,0,3,53230.0,0,1,86,176,72,98,136,21,229,4,5,2,12,5,0,0,0,0,0,0,0,695,732,19,70,1
1957,2,5,50116.0,1,1,68,54,0,10,0,0,2,2,1,0,4,5,0,1,0,0,0,0,0,9,66,5,69,0
1972,2,5,84906.0,0,0,98,997,15,414,99,30,76,1,5,6,12,2,0,1,1,0,1,0,0,268,1631,23,54,1
1966,2,3,61286.0,0,1,34,356,0,107,19,9,117,2,7,1,8,5,0,0,0,0,0,0,0,331,608,16,60,1
1986,4,3,82333.0,0,0,60,1311,0,359,46,89,17,1,4,3,10,2,0,0,1,0,0,0,1,456,1822,17,40,1
1965,4,5,65220.0,0,0,3,890,63,292,0,25,12,4,8,4,7,6,0,0,0,0,0,0,1,664,1282,19,61,1
1974,2,5,33590.0,2,1,65,4,0,2,0,0,2,1,1,0,2,7,0,0,0,0,0,0,0,238,8,3,52,0
1976,2,2,30992.0,1,0,83,17,0,14,7,3,2,1,1,0,3,7,0,0,0,0,0,0,0,433,43,4,50,0
1976,3,4,72309.0,0,0,64,960,0,883,50,38,0,1,5,6,8,3,0,0,0,1,0,0,1,475,1931,19,50,1
1949,4,3,156924.0,0,0,85,2,1,2,1,1,1,0,0,0,0,0,0,0,0,0,0,0,0,304,8,0,77,0
1980,1,3,16005.0,1,0,69,1,3,2,20,30,47,3,2,1,2,8,0,0,0,0,0,0,0,684,103,5,46,0
1957,3,0,65487.0,0,0,48,240,67,500,199,0,163,3,3,5,6,2,0,0,0,0,0,0,0,170,1169,14,69,1
1965,2,3,58692.0,0,1,21,301,11,61,4,7,11,1,8,2,4,7,0,0,0,0,0,0,0,84,395,14,61,0
1969,2,6,40590.0,1,1,30,154,0,50,6,11,37,5,3,4,3,6,1,0,0,0,0,0,0,270,258,10,57,0
1970,2,4,20587.0,1,0,39,2,3,6,4,1,9,1,1,1,2,7,0,0,0,0,0,0,0,49,25,4,56,0
1954,3,2,62637.0,0,1,76,104,12,48,4,12,5,1,2,2,5,2,0,0,0,0,0,0,0,120,185,9,72,0
1966,3,2,29435.0,1,1,11,70,3,37,4,2,64,4,3,2,2,9,0,0,0,0,0,0,1,692,180,7,60,0
1974,2,2,19346.0,1,0,26,2,0,9,3,6,2,1,1,0,3,8,0,0,0,0,0,0,0,150,22,4,52,0
1971,2,3,35788.0,1,1,34,23,2,11,3,1,4,2,2,0,3,6,0,0,0,0,0,0,0,157,44,5,55,0
1968,2,2,36997.0,1,1,72,43,4,12,8,0,27,5,2,1,4,5,0,0,0,0,0,0,0,513,94,7,58,0
1957,2,3,23539.0,0,0,13,4,24,11,16,1,25,1,2,0,4,6,0,0,0,0,0,0,0,121,81,6,69,0
1973,2,4,65333.0,0,1,58,654,7,92,0,15,30,7,9,4,8,6,0,1,1,0,0,0,0,163,798,21,53,1
1957,2,4,78499.0,0,0,12,912,72,170,47,36,97,1,11,3,4,4,0,0,1,0,0,0,1,218,1334,18,69,1
1971,4,5,29732.0,1,0,23,25,0,8,0,1,4,1,2,0,2,9,0,0,0,0,0,0,0,96,38,4,55,0
1960,3,5,41275.0,1,2,33,24,4,22,0,2,9,4,3,1,3,5,0,0,0,0,0,0,0,97,61,7,66,0
1973,4,5,63516.0,1,1,30,141,11,114,15,14,5,4,4,1,7,5,0,0,0,0,0,0,0,358,300,12,53,0
1962,4,3,42769.0,0,1,15,71,0,13,3,1,0,2,1,1,4,4,0,0,0,0,0,0,0,260,88,6,64,0
1958,3,3,49572.0,1,1,25,35,1,16,0,1,1,2,2,0,3,7,0,0,0,0,0,0,0,196,54,5,68,0
1972,2,3,69209.0,0,0,4,496,32,849,229,48,128,2,5,3,6,4,0,0,0,1,0,0,0,650,1782,14,54,1
1976,2,3,17148.0,1,0,80,9,9,11,13,10,16,4,3,1,3,8,0,0,0,0,0,0,0,152,68,7,50,0
1969,2,6,40590.0,1,1,30,154,0,50,6,11,37,5,3,4,3,6,1,0,0,0,0,0,0,270,258,10,57,0
1976,3,5,30560.0,1,0,6,9,1,5,4,5,7,1,1,0,3,7,0,0,0,0,0,0,0,367,31,4,50,0
1983,0,3,32146.0,1,0,16,26,3,23,4,7,3,2,2,0,4,6,0,0,0,0,0,0,0,48,66,6,43,0
1964,0,2,41713.0,1,1,57,77,8,44,10,10,25,5,3,1,4,6,0,0,0,0,0,0,0,61,174,8,62,0
1975,3,5,34176.0,0,1,9,11,2,7,4,2,2,1,1,0,3,3,0,0,0,0,0,0,0,158,28,4,51,0
1955,4,3,58482.0,0,1,59,576,7,115,19,7,7,2,7,4,9,6,0,1,0,0,0,0,0,109,731,20,71,1
1965,2,4,59686.0,0,1,78,89,15,89,34,42,5,1,4,1,6,4,0,0,0,0,0,0,0,155,274,11,61,0
1964,4,3,60896.0,0,1,90,1013,30,399,60,46,153,3,9,10,4,6,0,0,0,0,0,0,1,626,1701,23,62,1
1980,2,5,62994.0,1,0,74,224,12,48,4,12,12,1,6,2,4,6,0,0,0,0,0,0,0,117,312,12,46,0
1957,2,5,47320.0,0,1,10,200,19,111,50,15,19,6,5,1,8,6,0,0,0,0,0,0,0,332,414,14,69,0
1949,0,6,74859.0,0,0,63,570,73,614,133,102,73,1,6,5,11,3,0,0,0,1,0,0,0,391,1565,22,77,1
1992,1,4,15253.0,1,0,13,1,3,3,8,1,13,2,1,0,3,7,0,0,0,0,0,0,0,244,29,4,34,0
1974,4,4,31560.0,1,0,98,62,1,20,4,0,7,2,2,1,3,8,0,0,0,0,0,0,0,370,94,6,52,0
1954,2,2,72071.0,0,1,4,531,69,300,150,138,150,3,5,4,8,2,0,0,0,0,0,0,0,500,1338,17,72,1
1990,3,4,91172.0,0,0,94,162,28,818,0,28,56,0,4,3,7,3,1,0,1,1,1,0,1,459,1092,14,36,1
1984,2,3,90000.0,0,0,91,675,144,133,94,192,241,1,4,8,5,1,1,0,1,1,0,0,0,188,1479,17,42,1
1981,2,4,41967.0,1,1,66,23,4,10,0,2,15,1,1,0,3,4,0,0,0,0,0,0,0,218,54,4,45,0
1965,2,4,69263.0,0,1,14,492,5,32,13,5,21,1,9,1,7,6,0,1,0,0,0,0,0,116,568,17,61,1
1970,0,2,65706.0,0,0,77,918,10,129,13,0,129,1,11,3,12,7,0,1,1,0,1,0,1,366,1199,26,56,1
1975,2,5,60934.0,0,1,41,224,155,155,192,93,54,2,6,4,11,4,0,0,0,0,0,0,0,163,873,21,51,1
1951,2,3,71965.0,0,1,21,572,19,286,50,38,248,3,6,3,5,3,0,0,0,0,0,0,0,335,1213,14,75,1
1955,2,3,65210.0,0,1,25,626,0,70,0,7,28,2,9,3,8,6,0,1,0,1,0,0,0,111,731,20,71,1
1975,4,3,79174.0,0,0,2,1074,37,518,193,92,129,1,5,6,7,2,0,0,1,1,0,0,1,534,2043,18,51,1
1967,3,2,81380.0,0,0,51,741,68,689,224,68,103,1,4,2,10,2,0,0,0,0,0,0,0,554,1893,16,59,1
1973,4,7,48432.0,0,1,3,322,3,50,4,3,42,5,7,1,6,8,0,0,0,0,0,0,0,619,424,14,53,0
1971,2,3,52914.0,0,1,32,254,10,44,30,10,227,2,7,3,3,7,1,0,0,0,0,0,0,538,575,13,55,0
1955,2,5,38946.0,0,1,84,116,6,82,6,6,41,2,3,1,6,5,0,0,0,0,0,0,0,248,257,10,71,0
1974,2,3,26067.0,1,0,49,22,2,18,0,2,12,3,3,0,3,8,0,0,0,0,0,0,0,237,56,6,52,0
1972,4,3,44325.0,0,1,69,516,0,21,0,0,5,4,8,2,7,8,0,1,0,0,0,0,0,479,542,17,54,0
1964,2,3,42523.0,0,0,96,14,36,11,3,26,35,1,1,1,4,2,0,0,0,0,0,0,0,67,125,6,62,0
1978,1,4,26487.0,1,0,23,2,8,10,12,14,23,3,2,1,3,5,0,0,0,0,0,0,0,405,69,6,48,0
1957,0,3,53233.0,0,1,18,28,0,9,3,0,0,1,1,0,3,4,0,0,0,0,0,0,0,103,40,4,69,0
1960,2,3,67716.0,0,1,8,530,142,217,62,9,56,4,7,4,13,5,0,1,0,0,0,0,0,535,1016,24,66,1
1972,3,3,76234.0,0,1,21,519,50,167,130,0,41,1,8,3,11,3,0,1,0,0,0,0,0,143,907,22,54,1
1956,4,3,84117.0,0,0,60,611,76,749,59,45,26,1,7,10,6,2,0,0,1,0,0,0,0,49,1566,23,70,1
1957,3,5,65487.0,0,0,48,240,67,500,199,0,163,3,3,5,6,2,0,0,0,0,0,0,0,170,1169,14,69,1
1972,1,3,25224.0,1,0,36,4,9,12,11,2,8,2,1,1,3,3,0,0,0,0,0,0,0,105,46,5,54,0
1983,3,4,89616.0,0,0,36,671,47,655,145,111,15,1,7,5,12,2,0,0,0,0,0,0,1,489,1644,24,43,1
1971,2,2,40851.0,1,1,63,23,1,7,0,4,24,1,1,1,2,7,0,0,0,0,0,0,0,493,59,4,55,0
1947,2,3,27469.0,0,0,2,9,1,2,3,2,0,1,0,0,3,6,0,0,0,0,0,0,0,696,17,3,79,0
1957,0,3,82347.0,0,0,38,556,54,845,202,133,63,1,7,7,10,3,1,0,0,1,0,0,1,600,1853,24,69,1
1957,2,3,73803.0,0,1,61,833,80,363,52,26,174,2,9,5,6,6,1,0,0,0,0,0,1,697,1528,20,69,1
1952,3,4,8820.0,1,1,52,12,0,13,4,2,4,4,3,0,3,8,0,0,0,0,0,0,0,464,35,6,74,0
1974,2,4,43322.0,0,0,25,56,7,48,10,2,18,1,3,0,4,7,0,0,0,0,0,0,0,69,141,7,52,0
1973,2,5,55593.0,0,1,63,293,8,124,11,4,106,2,6,6,3,6,1,0,0,0,0,0,0,312,546,15,53,0
1954,2,3,50501.0,1,1,10,297,0,38,13,0,152,7,5,4,4,6,1,0,0,0,0,0,1,376,500,13,72,0
1975,2,3,37085.0,1,1,65,39,1,16,2,0,3,4,3,0,3,8,0,0,0,0,0,0,0,3,61,6,51,0
1990,1,4,16185.0,1,0,71,5,11,16,21,8,45,2,2,2,2,8,0,0,0,0,0,0,0,328,106,6,36,0
1969,2,4,57731.0,0,1,0,266,21,300,65,8,44,4,8,8,6,6,0,0,0,0,0,0,0,583,704,22,57,1
1973,4,7,48432.0,0,1,3,322,3,50,4,3,42,5,7,1,6,8,0,0,0,0,0,0,1,619,424,14,53,0
1978,2,3,73807.0,0,1,88,366,124,156,71,78,54,2,5,5,11,2,0,0,0,0,0,0,0,543,849,21,48,1
1990,2,3,18929.0,0,0,15,32,0,8,23,4,18,1,1,0,4,6,0,0,0,0,0,0,0,498,85,5,36,0
1968,2,4,35893.0,1,1,80,158,0,23,0,0,18,6,3,1,5,8,0,0,0,0,0,0,0,622,199,9,58,0
1980,2,3,61014.0,0,1,17,269,129,495,182,43,29,4,9,3,4,7,0,0,0,0,0,0,0,687,1147,16,46,1
1954,2,5,32144.0,1,1,76,41,0,10,0,0,3,4,2,1,3,7,0,1,0,0,0,0,0,98,54,6,72,0
1963,1,5,14918.0,0,1,52,3,3,3,15,4,15,1,1,0,3,6,0,0,0,0,0,0,0,569,43,4,63,0
1963,2,2,45146.0,1,1,28,33,0,5,0,0,15,2,1,1,2,4,0,0,0,0,0,0,0,349,53,4,63,0
1955,0,2,41769.0,0,1,31,302,29,131,32,0,27,6,8,1,7,8,0,0,0,0,0,0,0,501,521,16,71,0
1981,2,5,88325.0,0,0,42,519,71,860,93,27,53,1,6,2,9,2,0,0,0,0,0,0,0,144,1623,17,45,1
1950,3,2,38054.0,1,1,24,23,2,17,2,1,0,2,2,0,3,7,0,0,0,0,0,0,0,59,45,5,76,0
1995,0,4,80617.0,0,0,42,594,51,631,72,55,32,1,4,6,8,2,0,0,0,0,0,0,0,625,1435,18,31,1
1976,2,3,5305.0,0,1,12,12,4,7,1,3,5,0,1,0,0,13,0,0,0,0,0,0,0,334,32,1,50,0
1954,2,5,36807.0,1,1,88,4,2,5,0,0,5,1,1,0,2,6,0,0,0,0,0,0,0,556,16,3,72,0
1983,2,5,28427.0,1,0,67,18,3,19,3,3,6,2,2,0,3,8,0,0,0,0,0,0,0,465,52,5,43,0
1948,4,6,82032.0,0,0,54,332,194,377,149,125,57,0,4,6,7,1,0,0,0,0,0,0,0,85,1234,17,78,1
1978,2,5,22775.0,1,0,40,5,1,8,0,0,1,1,1,0,2,8,0,0,0,0,0,0,0,375,15,3,48,0
1985,3,5,40101.0,1,0,73,171,3,129,26,24,62,4,6,1,6,7,0,0,0,0,0,0,0,623,415,13,41,0
1979,2,3,58025.0,0,1,81,270,31,88,11,48,22,3,3,2,10,4,0,0,0,0,0,0,0,215,470,15,47,0
1982,3,4,75777.0,0,0,12,712,26,538,69,13,80,1,3,6,11,1,0,1,1,0,0,0,1,360,1438,20,44,1
1979,0,5,7500.0,1,0,7,2,8,11,3,8,21,4,3,2,2,7,0,0,0,0,0,0,0,418,53,7,47,0
1963,3,3,33562.0,1,2,33,21,12,12,0,3,3,3,2,0,4,4,0,0,0,0,0,0,0,4,51,6,63,0
1970,4,4,57642.0,0,1,24,580,6,58,8,0,27,3,7,6,6,4,1,0,0,0,0,0,0,171,679,19,56,1
1968,2,5,58554.0,1,1,55,368,24,68,38,0,88,6,8,2,6,7,0,0,0,0,0,0,0,641,586,16,58,0
1979,2,3,63777.0,1,1,87,457,5,106,15,17,53,8,11,1,6,8,0,0,0,0,0,0,0,462,653,18,47,0
1962,2,4,57967.0,0,1,39,229,7,137,4,0,91,5,4,2,8,5,0,0,0,0,0,0,0,483,468,14,64,0
1978,0,5,51381.5,0,0,53,32,2,1607,12,4,22,0,0,0,1,0,0,1,0,0,0,0,0,686,1679,1,48,1
1972,2,3,24434.0,2,0,9,3,2,8,20,0,17,2,2,1,2,7,0,0,0,0,0,0,0,42,50,5,54,0
1984,2,4,11012.0,1,0,82,24,3,26,7,1,23,3,3,1,2,9,1,0,0,0,0,0,0,470,84,6,42,0
1970,3,4,44802.0,0,0,71,853,10,143,13,10,20,2,9,4,12,8,0,0,0,0,0,0,0,677,1049,25,56,1
1986,2,4,26816.0,0,0,50,5,1,6,3,4,3,1,0,0,3,4,0,0,0,0,0,0,0,681,22,3,40,0
1977,2,5,666666.0,1,0,23,9,14,18,8,1,12,4,3,1,3,6,0,0,0,0,0,0,0,392,62,7,49,1
1974,2,3,34421.0,1,0,81,3,3,7,6,2,9,1,1,0,2,7,0,0,0,0,0,0,0,363,30,3,52,0
1967,2,3,61223.0,0,1,46,709,43,182,42,118,247,2,9,3,4,5,0,0,0,0,0,0,0,381,1341,16,59,1
1946,4,5,64014.0,2,1,56,406,0,30,0,0,8,7,8,2,5,7,0,0,0,1,0,0,0,19,444,15,80,0
1981,2,2,56981.0,0,0,91,908,48,217,32,12,24,1,2,3,13,6,0,1,0,0,0,0,0,155,1241,18,45,1
1956,3,5,69245.0,0,1,8,428,30,214,80,30,61,2,6,5,10,3,0,0,0,0,0,0,0,156,843,21,70,1
1954,4,3,52869.0,1,1,40,84,3,61,2,1,21,3,3,1,4,7,0,0,0,0,0,0,1,622,172,8,72,0
